"document_fund_map_id","file_id","census_item_id","fund_id","fund_name_raw","fund_name_normalized","fund_manager_raw","manager_source_page","manager_pdf_page_number","manager_source_anchor","manager_source_quote","manager_source_bbox","relationship_role","perspective","share_class_name","lp_name","source_page","pdf_page_number","source_anchor","source_quote","source_bbox","provenance_type","agent_a_record_id","agent_b_record_id","adjudication_status","confidence","notes"
"DFM_00001","SRC029","","FUND_0001","Incline Equity Partners III (PSERS), L.P.","INCLINE EQUITY PARTNERS III PSERS L P","","","","","","","subject_fund","lp_position","","Pennsylvania Public School Employees' Retirement System","1","1","","Incline Equity Partners III (PSERS), L.P.","","EXTRACTED","","","ADJUDICATED","",""
"DFM_00002","SRC029","","FUND_0002","Milestone Partners II, L.P.","MILESTONE PARTNERS II L P","","","","","","","subject_fund","lp_position","","Pennsylvania Public School Employees' Retirement System","3","3","","Milestone Partners II, L.P.","","EXTRACTED","","","ADJUDICATED","",""
"DFM_00003","SRC029","","FUND_0003","New Mountain Partners IV, L.P.","NEW MOUNTAIN PARTNERS IV L P","","","","","","","subject_fund","lp_position","","Pennsylvania Public School Employees' Retirement System","5","5","","New Mountain Partners IV, L.P.","","EXTRACTED","","","ADJUDICATED","",""
"DFM_00004","SRC035","","FUND_0004","Adventure Fund I, L.P.","ADVENTURE FUND I L P","","","","","","","subject_fund","lp_position","","Oregon Growth Account Private Equity Program","1","1","","Adventure Fund I, L.P.","","EXTRACTED","","","ADJUDICATED","","lp_name: took the longer printed form Oregon Growth Account Private Equity Program"
"DFM_00005","SRC035","","FUND_0005","Builders VC Fund II","BUILDERS VC FUND II","","","","","","","subject_fund","lp_position","","Oregon Growth Account Private Equity Program","3","3","","Builders VC Fund II","","EXTRACTED","","","ADJUDICATED","","lp_name: took the longer printed form Oregon Growth Account Private Equity Program"
"DFM_00006","SRC035","","FUND_0006","Cascade Angels Fund 2016, L.P.","CASCADE ANGELS FUND 2016 L P","","","","","","","subject_fund","lp_position","","Oregon Growth Account Private Equity Program","2","2","","Cascade Angels Fund 2016, L.P.","","EXTRACTED","","","ADJUDICATED","","lp_name: took the longer printed form Oregon Growth Account Private Equity Program"
"DFM_00007","SRC035","","FUND_0007","Cascade Angels Fund V, LLC","CASCADE ANGELS FUND V LLC","","","","","","","subject_fund","lp_position","","Oregon Growth Account Private Equity Program","3","3","","Cascade Angels Fund V, LLC","","EXTRACTED","","","ADJUDICATED","","lp_name: took the longer printed form Oregon Growth Account Private Equity Program"
"DFM_00008","SRC035","","FUND_0008","Cascade Seed Fund I, LLC","CASCADE SEED FUND I LLC","","","","","","","subject_fund","lp_position","","Oregon Growth Account Private Equity Program","3","3","","Cascade Seed Fund I, LLC","","EXTRACTED","","","ADJUDICATED","","lp_name: took the longer printed form Oregon Growth Account Private Equity Program"
"DFM_00009","SRC035","","FUND_0009","Cascade Seed Fund II","CASCADE SEED FUND II","","","","","","","subject_fund","lp_position","","Oregon Growth Account Private Equity Program","3","3","","Cascade Seed Fund II","","EXTRACTED","","","ADJUDICATED","","lp_name: took the longer printed form Oregon Growth Account Private Equity Program"
"DFM_00010","SRC035","","FUND_0010","DFJ Frontier Fund II, L.P.","DFJ FRONTIER FUND II L P","","","","","","","subject_fund","lp_position","","Oregon Growth Account Private Equity Program","1","1","","DFJ Frontier Fund II, L.P. 2007 Venture Capital $5,000,000 $5,000,000 $0 $1,786,462 $5,066,868 1.37 3.59","","EXTRACTED","","","ADJUDICATED","","lp_name: took the longer printed form Oregon Growth Account Private Equity Program"
"DFM_00011","SRC035","","FUND_0011","Ecotrust Forests II, LLC","ECOTRUST FORESTS II LLC","","","","","","","subject_fund","lp_position","","Oregon Growth Account Private Equity Program","2","2","","Ecotrust Forests II, LLC","","EXTRACTED","","","ADJUDICATED","","lp_name: took the longer printed form Oregon Growth Account Private Equity Program"
"DFM_00012","SRC035","","FUND_0012","Elevate Capital Fund II","ELEVATE CAPITAL FUND II","","","","","","","subject_fund","lp_position","","Oregon Growth Account Private Equity Program","3","3","","Elevate Capital Fund II 2020 Venture Capital $2,000,000 $800,000 $1,200,000 $0 $809,911 NM NM","","EXTRACTED","","","ADJUDICATED","","lp_name: took the longer printed form Oregon Growth Account Private Equity Program"
"DFM_00013","SRC035","","FUND_0013","Endeavour Capital Fund III, L.P.","ENDEAVOUR CAPITAL FUND III L P","","","","","","","subject_fund","lp_position","","Oregon Growth Account Private Equity Program","1","1","","Endeavour Capital Fund III, L.P.","","EXTRACTED","","","ADJUDICATED","","lp_name: took the longer printed form Oregon Growth Account Private Equity Program"
"DFM_00014","SRC035","","FUND_0014","Enlightened Hospitality Investments, L.P.","ENLIGHTENED HOSPITALITY INVESTMENTS L P","","","","","","","subject_fund","lp_position","","Oregon Growth Account Private Equity Program","2","2","","Enlightened Hospitality Investments, L.P.","","EXTRACTED","","","ADJUDICATED","","lp_name: took the longer printed form Oregon Growth Account Private Equity Program"
"DFM_00015","SRC035","","FUND_0015","Epic Venture Fund IV, L.P.","EPIC VENTURE FUND IV L P","","","","","","","subject_fund","lp_position","","Oregon Growth Account Private Equity Program","1","1","","Epic Venture Fund IV, L.P.","","EXTRACTED","","","ADJUDICATED","","lp_name: took the longer printed form Oregon Growth Account Private Equity Program"
"DFM_00016","SRC035","","FUND_0016","Epic Venture Fund V, L.P.","EPIC VENTURE FUND V L P","","","","","","","subject_fund","lp_position","","Oregon Growth Account Private Equity Program","2","2","","Epic Venture Fund V, L.P.","","EXTRACTED","","","ADJUDICATED","","lp_name: took the longer printed form Oregon Growth Account Private Equity Program"
"DFM_00017","SRC035","","FUND_0017","Epic Ventures VI, L.P.","EPIC VENTURES VI L P","","","","","","","subject_fund","lp_position","","Oregon Growth Account Private Equity Program","3","3","","Epic Ventures VI, L.P.","","EXTRACTED","","","ADJUDICATED","","lp_name: took the longer printed form Oregon Growth Account Private Equity Program"
"DFM_00018","SRC035","","FUND_0018","Fluke Venture Partners II, L.P.","FLUKE VENTURE PARTNERS II L P","","","","","","","subject_fund","lp_position","","Oregon Growth Account Private Equity Program","1","1","","Fluke Venture Partners II, L.P.","","EXTRACTED","","","ADJUDICATED","","lp_name: took the longer printed form Oregon Growth Account Private Equity Program"
"DFM_00019","SRC035","","FUND_0019","Founders' Co-op III, L.P.","FOUNDERS CO OP III L P","","","","","","","subject_fund","lp_position","","Oregon Growth Account Private Equity Program","2","2","","Founders' Co-op III, L.P.","","EXTRACTED","","","ADJUDICATED","","lp_name: took the longer printed form Oregon Growth Account Private Equity Program"
"DFM_00020","SRC035","","FUND_0020","Founders’ Co-op IV, L.P.","FOUNDERS CO OP IV L P","","","","","","","subject_fund","lp_position","","Oregon Growth Account Private Equity Program","3","3","","Founders’ Co-op IV, L.P.","","EXTRACTED","","","ADJUDICATED","","lp_name: took the longer printed form Oregon Growth Account Private Equity Program"
"DFM_00021","SRC035","","FUND_0021","Goode Partners Consumer Fund III, L.P.","GOODE PARTNERS CONSUMER FUND III L P","","","","","","","subject_fund","lp_position","","Oregon Growth Account Private Equity Program","2","2","","Goode Partners Consumer Fund III, L.P.","","EXTRACTED","","","ADJUDICATED","","lp_name: took the longer printed form Oregon Growth Account Private Equity Program"
"DFM_00022","SRC035","","FUND_0022","Grain Communications Opportunity Fund III, L.P.","GRAIN COMMUNICATIONS OPPORTUNITY FUND III L P","","","","","","","subject_fund","lp_position","","Oregon Growth Account Private Equity Program","3","3","","Grain Communications Opportunity Fund III, L.P. 2021 Infrastructure $5,000,000 $1,813,042 $3,188,225 $644 $1,577,891","","EXTRACTED","","","ADJUDICATED","","lp_name: took the longer printed form Oregon Growth Account Private Equity Program"
"DFM_00023","SRC035","","FUND_0023","Homestead Capital USA Farmland Fund III, L.P.","HOMESTEAD CAPITAL USA FARMLAND FUND III L P","","","","","","","subject_fund","lp_position","","Oregon Growth Account Private Equity Program","3","3","","Homestead Capital USA Farmland Fund III, L.P.","","EXTRACTED","","","ADJUDICATED","","lp_name: took the longer printed form Oregon Growth Account Private Equity Program"
"DFM_00024","SRC035","","FUND_0024","K1 Special Opportunities Fund, L.P.","K1 SPECIAL OPPORTUNITIES FUND L P","","","","","","","subject_fund","lp_position","","Oregon Growth Account Private Equity Program","2","2","","K1 Special Opportunities Fund, L.P.","","EXTRACTED","","","ADJUDICATED","","lp_name: took the longer printed form Oregon Growth Account Private Equity Program"
"DFM_00025","SRC035","","FUND_0025","K4 Private Investors, L.P.","K4 PRIVATE INVESTORS L P","","","","","","","subject_fund","lp_position","","Oregon Growth Account Private Equity Program","2","2","","K4 Private Investors, L.P.","","EXTRACTED","","","ADJUDICATED","","lp_name: took the longer printed form Oregon Growth Account Private Equity Program"
"DFM_00026","SRC035","","FUND_0026","K5 Private Investors, L.P.","K5 PRIVATE INVESTORS L P","","","","","","","subject_fund","lp_position","","Oregon Growth Account Private Equity Program","3","3","","K5 Private Investors, L.P.","","EXTRACTED","","","ADJUDICATED","","lp_name: took the longer printed form Oregon Growth Account Private Equity Program"
"DFM_00027","SRC035","","FUND_0027","Madrona Venture Fund III, L.P.","MADRONA VENTURE FUND III L P","","","","","","","subject_fund","lp_position","","Oregon Growth Account Private Equity Program","1","1","","Madrona Venture Fund III, L.P.","","EXTRACTED","","","ADJUDICATED","","lp_name: took the longer printed form Oregon Growth Account Private Equity Program"
"DFM_00028","SRC035","","FUND_0028","Montlake Capital II, L.P.","MONTLAKE CAPITAL II L P","","","","","","","subject_fund","lp_position","","Oregon Growth Account Private Equity Program","1","1","","Montlake Capital II, L.P.","","EXTRACTED","","","ADJUDICATED","","lp_name: took the longer printed form Oregon Growth Account Private Equity Program"
"DFM_00029","SRC035","","FUND_0029","Northwest Technology Ventures, L.P.","NORTHWEST TECHNOLOGY VENTURES L P","","","","","","","subject_fund","lp_position","","Oregon Growth Account Private Equity Program","1","1","","Northwest Technology Ventures, L.P.","","EXTRACTED","","","ADJUDICATED","","lp_name: took the longer printed form Oregon Growth Account Private Equity Program"
"DFM_00030","SRC035","","FUND_0030","Oregon Angel Conferences 2011","OREGON ANGEL CONFERENCES 2011","","","","","","","subject_fund","lp_position","","Oregon Growth Account Private Equity Program","1","1","","Oregon Angel Conferences 2011","","EXTRACTED","","","ADJUDICATED","","lp_name: took the longer printed form Oregon Growth Account Private Equity Program"
"DFM_00031","SRC035","","FUND_0031","Oregon Angel Conferences 2012","OREGON ANGEL CONFERENCES 2012","","","","","","","subject_fund","lp_position","","Oregon Growth Account Private Equity Program","2","2","","Oregon Angel Conferences 2012","","EXTRACTED","","","ADJUDICATED","","lp_name: took the longer printed form Oregon Growth Account Private Equity Program"
"DFM_00032","SRC035","","FUND_0032","Oregon Angel Conferences 2013","OREGON ANGEL CONFERENCES 2013","","","","","","","subject_fund","lp_position","","Oregon Growth Account Private Equity Program","2","2","","Oregon Angel Conferences 2013","","EXTRACTED","","","ADJUDICATED","","lp_name: took the longer printed form Oregon Growth Account Private Equity Program"
"DFM_00033","SRC035","","FUND_0033","Oregon Angel Conferences 2014","OREGON ANGEL CONFERENCES 2014","","","","","","","subject_fund","lp_position","","Oregon Growth Account Private Equity Program","2","2","","Oregon Angel Conferences 2014","","EXTRACTED","","","ADJUDICATED","","lp_name: took the longer printed form Oregon Growth Account Private Equity Program"
"DFM_00034","SRC035","","FUND_0034","Oregon Angel Fund 2008, LLC","OREGON ANGEL FUND 2008 LLC","","","","","","","subject_fund","lp_position","","Oregon Growth Account Private Equity Program","1","1","","Oregon Angel Fund 2008, LLC","","EXTRACTED","","","ADJUDICATED","","lp_name: took the longer printed form Oregon Growth Account Private Equity Program"
"DFM_00035","SRC035","","FUND_0035","Oregon Angel Fund 2009, LLC","OREGON ANGEL FUND 2009 LLC","","","","","","","subject_fund","lp_position","","Oregon Growth Account Private Equity Program","1","1","","Oregon Angel Fund 2009, LLC","","EXTRACTED","","","ADJUDICATED","","lp_name: took the longer printed form Oregon Growth Account Private Equity Program"
"DFM_00036","SRC035","","FUND_0036","Oregon Angel Fund 2010, LLC","OREGON ANGEL FUND 2010 LLC","","","","","","","subject_fund","lp_position","","Oregon Growth Account Private Equity Program","1","1","","Oregon Angel Fund 2010, LLC 2010 Venture Capital $1,500,000 $1,500,000 $0 $277,541 $929,930 0.80 -2.16","","EXTRACTED","","","ADJUDICATED","","lp_name: took the longer printed form Oregon Growth Account Private Equity Program"
"DFM_00037","SRC035","","FUND_0037","Oregon Angel Fund 2011, LLC","OREGON ANGEL FUND 2011 LLC","","","","","","","subject_fund","lp_position","","Oregon Growth Account Private Equity Program","1","1","","Oregon Angel Fund 2011, LLC","","EXTRACTED","","","ADJUDICATED","","lp_name: took the longer printed form Oregon Growth Account Private Equity Program"
"DFM_00038","SRC035","","FUND_0038","Oregon Angel Fund 2012, LLC","OREGON ANGEL FUND 2012 LLC","","","","","","","subject_fund","lp_position","","Oregon Growth Account Private Equity Program","2","2","","Oregon Angel Fund 2012, LLC","","EXTRACTED","","","ADJUDICATED","","lp_name: took the longer printed form Oregon Growth Account Private Equity Program"
"DFM_00039","SRC035","","FUND_0039","Oregon Angel Fund 2013, LLC","OREGON ANGEL FUND 2013 LLC","","","","","","","subject_fund","lp_position","","Oregon Growth Account Private Equity Program","2","2","","Oregon Angel Fund 2013, LLC 2013 Venture Capital $1,500,000 $1,500,000 $0 $109,684 $5,496,437 3.74 16.30","","EXTRACTED","","","ADJUDICATED","","lp_name: took the longer printed form Oregon Growth Account Private Equity Program"
"DFM_00040","SRC035","","FUND_0040","Oregon Angel Fund 2014, LLC","OREGON ANGEL FUND 2014 LLC","","","","","","","subject_fund","lp_position","","Oregon Growth Account Private Equity Program","2","2","","Oregon Angel Fund 2014, LLC","","EXTRACTED","","","ADJUDICATED","","lp_name: took the longer printed form Oregon Growth Account Private Equity Program"
"DFM_00041","SRC035","","FUND_0041","Oregon Angel Fund 2015, LLC","OREGON ANGEL FUND 2015 LLC","","","","","","","subject_fund","lp_position","","Oregon Growth Account Private Equity Program","2","2","","Oregon Angel Fund 2015, LLC","","EXTRACTED","","","ADJUDICATED","","lp_name: took the longer printed form Oregon Growth Account Private Equity Program"
"DFM_00042","SRC035","","FUND_0042","Oregon Angel Fund 2016, LLC","OREGON ANGEL FUND 2016 LLC","","","","","","","subject_fund","lp_position","","Oregon Growth Account Private Equity Program","2","2","","Oregon Angel Fund 2016, LLC","","EXTRACTED","","","ADJUDICATED","","lp_name: took the longer printed form Oregon Growth Account Private Equity Program"
"DFM_00043","SRC035","","FUND_0043","Oregon Angel Fund 2017, LLC","OREGON ANGEL FUND 2017 LLC","","","","","","","subject_fund","lp_position","","Oregon Growth Account Private Equity Program","2","2","","Oregon Angel Fund 2017, LLC","","EXTRACTED","","","ADJUDICATED","","lp_name: took the longer printed form Oregon Growth Account Private Equity Program"
"DFM_00044","SRC035","","FUND_0044","Oregon Venture Fund XII, LLC","OREGON VENTURE FUND XII LLC","","","","","","","subject_fund","lp_position","","Oregon Growth Account Private Equity Program","3","3","","Oregon Venture Fund XII, LLC","","EXTRACTED","","","ADJUDICATED","","lp_name: took the longer printed form Oregon Growth Account Private Equity Program"
"DFM_00045","SRC035","","FUND_0045","OVP Venture Partners VII, L.P.","OVP VENTURE PARTNERS VII L P","","","","","","","subject_fund","lp_position","","Oregon Growth Account Private Equity Program","1","1","","OVP Venture Partners VII, L.P.","","EXTRACTED","","","ADJUDICATED","","lp_name: took the longer printed form Oregon Growth Account Private Equity Program"
"DFM_00046","SRC035","","FUND_0046","Phoenix Venture Partners II, L.P.","PHOENIX VENTURE PARTNERS II L P","","","","","","","subject_fund","lp_position","","Oregon Growth Account Private Equity Program","2","2","","Phoenix Venture Partners II, L.P.","","EXTRACTED","","","ADJUDICATED","","lp_name: took the longer printed form Oregon Growth Account Private Equity Program"
"DFM_00047","SRC035","","FUND_0047","Phoenix Venture Partners III, L.P.","PHOENIX VENTURE PARTNERS III L P","","","","","","","subject_fund","lp_position","","Oregon Growth Account Private Equity Program","3","3","","Phoenix Venture Partners III, L.P.","","EXTRACTED","","","ADJUDICATED","","lp_name: took the longer printed form Oregon Growth Account Private Equity Program"
"DFM_00048","SRC035","","FUND_0048","Phoenix Venture Partners, L.P.","PHOENIX VENTURE PARTNERS L P","","","","","","","subject_fund","lp_position","","Oregon Growth Account Private Equity Program","1","1","","Phoenix Venture Partners, L.P.","","EXTRACTED","","","ADJUDICATED","","lp_name: took the longer printed form Oregon Growth Account Private Equity Program"
"DFM_00049","SRC035","","FUND_0049","Pioneer Square Ventures Fund II","PIONEER SQUARE VENTURES FUND II","","","","","","","subject_fund","lp_position","","Oregon Growth Account Private Equity Program","3","3","","Pioneer Square Ventures Fund II","","EXTRACTED","","","ADJUDICATED","","lp_name: took the longer printed form Oregon Growth Account Private Equity Program"
"DFM_00050","SRC035","","FUND_0050","Pivotal Investments Partners Fund I, L.P.","PIVOTAL INVESTMENTS PARTNERS FUND I L P","","","","","","","subject_fund","lp_position","","Oregon Growth Account Private Equity Program","1","1","","Pivotal Investments Partners Fund I, L.P.","","EXTRACTED","","","ADJUDICATED","","lp_name: took the longer printed form Oregon Growth Account Private Equity Program"
"DFM_00051","SRC035","","FUND_0051","Portland Seed Fund I, L.P.","PORTLAND SEED FUND I L P","","","","","","","subject_fund","lp_position","","Oregon Growth Account Private Equity Program","2","2","","Portland Seed Fund I, L.P.","","EXTRACTED","","","ADJUDICATED","","lp_name: took the longer printed form Oregon Growth Account Private Equity Program"
"DFM_00052","SRC035","","FUND_0052","Portland Seed Fund II, L.P.","PORTLAND SEED FUND II L P","","","","","","","subject_fund","lp_position","","Oregon Growth Account Private Equity Program","2","2","","Portland Seed Fund II, L.P.","","EXTRACTED","","","ADJUDICATED","","lp_name: took the longer printed form Oregon Growth Account Private Equity Program"
"DFM_00053","SRC035","","FUND_0053","Portland Seed Fund III, L.P.","PORTLAND SEED FUND III L P","","","","","","","subject_fund","lp_position","","Oregon Growth Account Private Equity Program","3","3","","Portland Seed Fund III, L.P.","","EXTRACTED","","","ADJUDICATED","","lp_name: took the longer printed form Oregon Growth Account Private Equity Program"
"DFM_00054","SRC035","","FUND_0054","Portland Seed Fund III - Side Car, L.P.","PORTLAND SEED FUND III SIDE CAR L P","","","","","","","subject_fund","lp_position","","Oregon Growth Account Private Equity Program","3","3","","Portland Seed Fund III - Side Car, L.P.","","EXTRACTED","","","ADJUDICATED","","lp_name: took the longer printed form Oregon Growth Account Private Equity Program"
"DFM_00055","SRC035","","FUND_0055","Rethink Impact Fund II","RETHINK IMPACT FUND II","","","","","","","subject_fund","lp_position","","Oregon Growth Account Private Equity Program","3","3","","Rethink Impact Fund II","","EXTRACTED","","","ADJUDICATED","","lp_name: took the longer printed form Oregon Growth Account Private Equity Program"
"DFM_00056","SRC035","","FUND_0056","Riverlake Equity Partners I, L.P.","RIVERLAKE EQUITY PARTNERS I L P","","","","","","","subject_fund","lp_position","","Oregon Growth Account Private Equity Program","1","1","","Riverlake Equity Partners I, L.P.","","EXTRACTED","","","ADJUDICATED","","lp_name: took the longer printed form Oregon Growth Account Private Equity Program"
"DFM_00057","SRC035","","FUND_0057","Riverlake Equity Partners II, L.P.","RIVERLAKE EQUITY PARTNERS II L P","","","","","","","subject_fund","lp_position","","Oregon Growth Account Private Equity Program","1","1","","Riverlake Equity Partners II, L.P.","","EXTRACTED","","","ADJUDICATED","","lp_name: took the longer printed form Oregon Growth Account Private Equity Program"
"DFM_00058","SRC035","","FUND_0058","Seven Peaks Ventures Fund II, L.P.","SEVEN PEAKS VENTURES FUND II L P","","","","","","","subject_fund","lp_position","","Oregon Growth Account Private Equity Program","2","2","","Seven Peaks Ventures Fund II, L.P.","","EXTRACTED","","","ADJUDICATED","","lp_name: took the longer printed form Oregon Growth Account Private Equity Program"
"DFM_00059","SRC035","","FUND_0059","Seven Peaks Ventures Fund, L.P.","SEVEN PEAKS VENTURES FUND L P","","","","","","","subject_fund","lp_position","","Oregon Growth Account Private Equity Program","2","2","","Seven Peaks Ventures Fund, L.P.","","EXTRACTED","","","ADJUDICATED","","lp_name: took the longer printed form Oregon Growth Account Private Equity Program"
"DFM_00060","SRC035","","FUND_0060","SmartForest Ventures I, L.P.","SMARTFOREST VENTURES I L P","","","","","","","subject_fund","lp_position","","Oregon Growth Account Private Equity Program","1","1","","SmartForest Ventures I, L.P.","","EXTRACTED","","","ADJUDICATED","","lp_name: took the longer printed form Oregon Growth Account Private Equity Program"
"DFM_00061","SRC035","","FUND_0061","Stellex Capital Partners II","STELLEX CAPITAL PARTNERS II","","","","","","","subject_fund","lp_position","","Oregon Growth Account Private Equity Program","3","3","","Stellex Capital Partners II","","EXTRACTED","","","ADJUDICATED","","lp_name: took the longer printed form Oregon Growth Account Private Equity Program"
"DFM_00062","SRC035","","FUND_0062","Tamarack Mezzanine Partners, L.P.","TAMARACK MEZZANINE PARTNERS L P","","","","","","","subject_fund","lp_position","","Oregon Growth Account Private Equity Program","1","1","","Tamarack Mezzanine Partners, L.P.","","EXTRACTED","","","ADJUDICATED","","lp_name: took the longer printed form Oregon Growth Account Private Equity Program"
"DFM_00063","SRC035","","FUND_0063","Timberline Annex Fund, L.P.","TIMBERLINE ANNEX FUND L P","","","","","","","subject_fund","lp_position","","Oregon Growth Account Private Equity Program","1","1","","Timberline Annex Fund, L.P.","","EXTRACTED","","","ADJUDICATED","","lp_name: took the longer printed form Oregon Growth Account Private Equity Program"
"DFM_00064","SRC035","","FUND_0064","Timberline Venture Partners, L.P.","TIMBERLINE VENTURE PARTNERS L P","","","","","","","subject_fund","lp_position","","Oregon Growth Account Private Equity Program","1","1","","Timberline Venture Partners, L.P.","","EXTRACTED","","","ADJUDICATED","","lp_name: took the longer printed form Oregon Growth Account Private Equity Program"
"DFM_00065","SRC035","","FUND_0065","Tiverton AgriFinance II, L.P.","TIVERTON AGRIFINANCE II L P","","","","","","","subject_fund","lp_position","","Oregon Growth Account Private Equity Program","3","3","","Tiverton AgriFinance II, L.P.","","EXTRACTED","","","ADJUDICATED","","lp_name: took the longer printed form Oregon Growth Account Private Equity Program"
"DFM_00066","SRC035","","FUND_0066","TL Ventures VII, L.P.","TL VENTURES VII L P","","","","","","","subject_fund","lp_position","","Oregon Growth Account Private Equity Program","1","1","","TL Ventures VII, L.P.","","EXTRACTED","","","ADJUDICATED","","lp_name: took the longer printed form Oregon Growth Account Private Equity Program"
"DFM_00067","SRC035","","FUND_0067","Updata Partners V, L.P.","UPDATA PARTNERS V L P","","","","","","","subject_fund","lp_position","","Oregon Growth Account Private Equity Program","2","2","","Updata Partners V, L.P.","","EXTRACTED","","","ADJUDICATED","","lp_name: took the longer printed form Oregon Growth Account Private Equity Program"
"DFM_00068","SRC035","","FUND_0068","Updata Partners VI, L.P.","UPDATA PARTNERS VI L P","","","","","","","subject_fund","lp_position","","Oregon Growth Account Private Equity Program","3","3","","Updata Partners VI, L.P.","","EXTRACTED","","","ADJUDICATED","","lp_name: took the longer printed form Oregon Growth Account Private Equity Program"
"DFM_00069","SRC035","","FUND_0069","VamosVentures Fund I, L.P.","VAMOSVENTURES FUND I L P","","","","","","","subject_fund","lp_position","","Oregon Growth Account Private Equity Program","3","3","","VamosVentures Fund I, L.P.","","EXTRACTED","","","ADJUDICATED","","lp_name: took the longer printed form Oregon Growth Account Private Equity Program"
"DFM_00070","SRC035","","FUND_0070","VFC - Burnside Fund, L.P.","VFC BURNSIDE FUND L P","","","","","","","subject_fund","lp_position","","Oregon Growth Account Private Equity Program","3","3","","VFC - Burnside Fund, L.P.","","EXTRACTED","","","ADJUDICATED","","lp_name: took the longer printed form Oregon Growth Account Private Equity Program"
"DFM_00071","SRC035","","FUND_0071","Voyager Capital Fund IV, L.P.","VOYAGER CAPITAL FUND IV L P","","","","","","","subject_fund","lp_position","","Oregon Growth Account Private Equity Program","2","2","","Voyager Capital Fund IV, L.P.","","EXTRACTED","","","ADJUDICATED","","lp_name: took the longer printed form Oregon Growth Account Private Equity Program"
"DFM_00072","SRC035","","FUND_0072","Voyager Capital Fund V, L.P.","VOYAGER CAPITAL FUND V L P","","","","","","","subject_fund","lp_position","","Oregon Growth Account Private Equity Program","3","3","","Voyager Capital Fund V, L.P.","","EXTRACTED","","","ADJUDICATED","","lp_name: took the longer printed form Oregon Growth Account Private Equity Program"
"DFM_00073","SRC035","","FUND_0073","Women's VC Fund II, L.P.","WOMEN S VC FUND II L P","","","","","","","subject_fund","lp_position","","Oregon Growth Account Private Equity Program","2","2","","Women's VC Fund II, L.P.","","EXTRACTED","","","ADJUDICATED","","lp_name: took the longer printed form Oregon Growth Account Private Equity Program"
"DFM_00074","SRC035","","FUND_0074","Women's Venture Capital Fund, L.P.","WOMEN S VENTURE CAPITAL FUND L P","","","","","","","subject_fund","lp_position","","Oregon Growth Account Private Equity Program","2","2","","Women's Venture Capital Fund, L.P.","","EXTRACTED","","","ADJUDICATED","","lp_name: took the longer printed form Oregon Growth Account Private Equity Program"
"DFM_00075","SRC035","","FUND_0075","Yaletown Ventures II (USA), L.P.","YALETOWN VENTURES II USA L P","","","","","","","subject_fund","lp_position","","Oregon Growth Account Private Equity Program","1","1","","Yaletown Ventures II (USA), L.P.","","EXTRACTED","","","ADJUDICATED","","lp_name: took the longer printed form Oregon Growth Account Private Equity Program"
"DFM_00076","SRC036","","FUND_0076","Allos Ventures II, L.P.","ALLOS VENTURES II L P","","","","","","","subject_fund","lp_position","","The Ohio Capital Fund LLC","16","16","","Allos Ventures II, L.P.","","EXTRACTED","","","ADJUDICATED","","lp_name: took the longer printed form The Ohio Capital Fund LLC"
"DFM_00077","SRC036","","FUND_0077","Arboretum Ventures IIa, L.P.","ARBORETUM VENTURES IIA L P","","","","","","","subject_fund","lp_position","","The Ohio Capital Fund LLC","16","16","","Arboretum Ventures IIa, L.P.","","EXTRACTED","","","ADJUDICATED","","lp_name: took the longer printed form The Ohio Capital Fund LLC"
"DFM_00078","SRC036","","FUND_0078","Arsenal Venture Partners IIa, L.P.","ARSENAL VENTURE PARTNERS IIA L P","","","","","","","subject_fund","lp_position","","The Ohio Capital Fund LLC","16","16","","Arsenal Venture Partners IIa, L.P.","","EXTRACTED","","","ADJUDICATED","","lp_name: took the longer printed form The Ohio Capital Fund LLC"
"DFM_00079","SRC036","","FUND_0079","Arsenal Ventures IIa","ARSENAL VENTURES IIA","","","","","","","subject_fund","lp_position","","The Ohio Capital Fund LLC","17","17","","Arsenal Ventures IIa","","EXTRACTED","","","ADJUDICATED","","lp_name: took the longer printed form The Ohio Capital Fund LLC"
"DFM_00080","SRC036","","FUND_0080","Athenian Venture Partners III, L.P.","ATHENIAN VENTURE PARTNERS III L P","","","","","","","subject_fund","lp_position","","The Ohio Capital Fund LLC","16","16","","Athenian Venture Partners III, L.P.","","EXTRACTED","","","ADJUDICATED","","lp_name: took the longer printed form The Ohio Capital Fund LLC"
"DFM_00081","SRC036","","FUND_0081","Charter Life Sciences (Ohio) II, L.P.","CHARTER LIFE SCIENCES OHIO II L P","","","","","","","subject_fund","lp_position","","The Ohio Capital Fund LLC","16","16","","Charter Life Sciences (Ohio) II, L.P.","","EXTRACTED","","","ADJUDICATED","","lp_name: took the longer printed form The Ohio Capital Fund LLC"
"DFM_00082","SRC036","","FUND_0082","Chrysalis Ventures (Ohio) III, L.P.","CHRYSALIS VENTURES OHIO III L P","","","","","","","subject_fund","lp_position","","The Ohio Capital Fund LLC","16","16","","Chrysalis Ventures (Ohio) III, L.P.","","EXTRACTED","","","ADJUDICATED","","lp_name: took the longer printed form The Ohio Capital Fund LLC"
"DFM_00083","SRC036","","FUND_0083","Draper Triangle III","DRAPER TRIANGLE III","","","","","","","subject_fund","lp_position","","The Ohio Capital Fund LLC","17","17","","Draper Triangle III","","EXTRACTED","","","ADJUDICATED","","lp_name: took the longer printed form The Ohio Capital Fund LLC"
"DFM_00084","SRC036","","FUND_0084","Draper Triangle Ohio Ventures, L.P.","DRAPER TRIANGLE OHIO VENTURES L P","","","","","","","subject_fund","lp_position","","The Ohio Capital Fund LLC","16","16","","Draper Triangle Ohio Ventures, L.P.","","EXTRACTED","","","ADJUDICATED","","lp_name: took the longer printed form The Ohio Capital Fund LLC"
"DFM_00085","SRC036","","FUND_0085","Draper Triangle Ventures Ohio III, L.P.","DRAPER TRIANGLE VENTURES OHIO III L P","","","","","","","subject_fund","lp_position","","The Ohio Capital Fund LLC","16","16","","Draper Triangle Ventures Ohio III, L.P.","","EXTRACTED","","","ADJUDICATED","","lp_name: took the longer printed form The Ohio Capital Fund LLC"
"DFM_00086","SRC036","","FUND_0086","Early Stage Partners Fund II, L.P.","EARLY STAGE PARTNERS FUND II L P","","","","","","","subject_fund","lp_position","","The Ohio Capital Fund LLC","16","16","","Early Stage Partners Fund II, L.P.","","EXTRACTED","","","ADJUDICATED","","lp_name: took the longer printed form The Ohio Capital Fund LLC"
"DFM_00087","SRC036","","FUND_0087","Early Stage Partners II","EARLY STAGE PARTNERS II","","","","","","","subject_fund","lp_position","","The Ohio Capital Fund LLC","17","17","","Early Stage Partners II","","EXTRACTED","","","ADJUDICATED","","lp_name: took the longer printed form The Ohio Capital Fund LLC"
"DFM_00088","SRC036","","FUND_0088","Early Stage Partners II, L.P.","EARLY STAGE PARTNERS II L P","","","","","","","subject_fund","lp_position","","The Ohio Capital Fund LLC","3","3","","Early Stage Partners II, L.P.","","EXTRACTED","","","ADJUDICATED","","lp_name: took the longer printed form The Ohio Capital Fund LLC"
"DFM_00089","SRC036","","FUND_0089","Edison Venture Fund VII, L.P.","EDISON VENTURE FUND VII L P","","","","","","","subject_fund","lp_position","","The Ohio Capital Fund LLC","16","16","","Edison Venture Fund VII, L.P.","","EXTRACTED","","","ADJUDICATED","","lp_name: took the longer printed form The Ohio Capital Fund LLC"
"DFM_00090","SRC036","","FUND_0090","Edison Venture Fund VIII, L.P.","EDISON VENTURE FUND VIII L P","","","","","","","subject_fund","lp_position","","The Ohio Capital Fund LLC","16","16","","Edison Venture Fund VIII, L.P.","","EXTRACTED","","","ADJUDICATED","","lp_name: took the longer printed form The Ohio Capital Fund LLC"
"DFM_00091","SRC036","","FUND_0091","Edison VII AF I","EDISON VII AF I","","","","","","","subject_fund","lp_position","","The Ohio Capital Fund LLC","17","17","","Edison VII AF I","","EXTRACTED","","","ADJUDICATED","","lp_name: took the longer printed form The Ohio Capital Fund LLC"
"DFM_00092","SRC036","","FUND_0092","Emerging Market Fund, LLC","EMERGING MARKET FUND LLC","","","","","","","subject_fund","lp_position","","The Ohio Capital Fund LLC","16","16","","Emerging Market Fund, LLC","","EXTRACTED","","","ADJUDICATED","","lp_name: took the longer printed form The Ohio Capital Fund LLC"
"DFM_00093","SRC036","","FUND_0093","FSV II-B","FSV II B","","","","","","","subject_fund","lp_position","","The Ohio Capital Fund LLC","17","17","","FSV II-B","","EXTRACTED","","","ADJUDICATED","","lp_name: took the longer printed form The Ohio Capital Fund LLC"
"DFM_00094","SRC036","","FUND_0094","FSV II-B, L.P.","FSV II B L P","","","","","","","subject_fund","lp_position","","The Ohio Capital Fund LLC","16","16","","FSV II-B, L.P.","","EXTRACTED","","","ADJUDICATED","","lp_name: took the longer printed form The Ohio Capital Fund LLC"
"DFM_00095","SRC036","","FUND_0095","Glengary LLC","GLENGARY LLC","","","","","","","subject_fund","lp_position","","The Ohio Capital Fund LLC","16","16","","Glengary LLC","","EXTRACTED","","","ADJUDICATED","","lp_name: took the longer printed form The Ohio Capital Fund LLC"
"DFM_00096","SRC036","","FUND_0096","NCT Ventures Fund I, L.P.","NCT VENTURES FUND I L P","","","","","","","subject_fund","lp_position","","The Ohio Capital Fund LLC","16","16","","NCT Ventures Fund I, L.P.","","EXTRACTED","","","ADJUDICATED","","lp_name: took the longer printed form The Ohio Capital Fund LLC"
"DFM_00097","SRC036","","FUND_0097","NCT Ventures Fund II, L.P.","NCT VENTURES FUND II L P","","","","","","","subject_fund","lp_position","","The Ohio Capital Fund LLC","16","16","","NCT Ventures Fund II, L.P.","","EXTRACTED","","","ADJUDICATED","","lp_name: took the longer printed form The Ohio Capital Fund LLC"
"DFM_00098","SRC036","","FUND_0098","Primus Capital Fund VI, L.P.","PRIMUS CAPITAL FUND VI L P","","","","","","","subject_fund","lp_position","","The Ohio Capital Fund LLC","16","16","","Primus Capital Fund VI, L.P.","","EXTRACTED","","","ADJUDICATED","","lp_name: took the longer printed form The Ohio Capital Fund LLC"
"DFM_00099","SRC036","","FUND_0099","QCA First Fund III, LLC","QCA FIRST FUND III LLC","","","","","","","subject_fund","lp_position","","The Ohio Capital Fund LLC","16","16","","QCA First Fund III, LLC","","EXTRACTED","","","ADJUDICATED","","lp_name: took the longer printed form The Ohio Capital Fund LLC"
"DFM_00100","SRC036","","FUND_0100","Radius Venture Partners (Ohio) III, QP, L.P.","RADIUS VENTURE PARTNERS OHIO III QP L P","","","","","","","subject_fund","lp_position","","The Ohio Capital Fund LLC","16","16","","Radius Venture Partners (Ohio) III, QP, L.P.","","EXTRACTED","","","ADJUDICATED","","lp_name: took the longer printed form The Ohio Capital Fund LLC"
"DFM_00101","SRC036","","FUND_0101","Reservoir Venture Partners II, L.P.","RESERVOIR VENTURE PARTNERS II L P","","","","","","","subject_fund","lp_position","","The Ohio Capital Fund LLC","16","16","","Reservoir Venture Partners II, L.P.","","EXTRACTED","","","ADJUDICATED","","lp_name: took the longer printed form The Ohio Capital Fund LLC"
"DFM_00102","SRC036","","FUND_0102","River Cities Capital Fund IV, L.P.","RIVER CITIES CAPITAL FUND IV L P","","","","","","","subject_fund","lp_position","","The Ohio Capital Fund LLC","16","16","","River Cities Capital Fund IV, L.P.","","EXTRACTED","","","ADJUDICATED","","lp_name: took the longer printed form The Ohio Capital Fund LLC"
"DFM_00103","SRC036","","FUND_0103","RiverVest Venture Fund II (Ohio), L.P.","RIVERVEST VENTURE FUND II OHIO L P","","","","","","","subject_fund","lp_position","","The Ohio Capital Fund LLC","16","16","","RiverVest Venture Fund II (Ohio), L.P.","","EXTRACTED","","","ADJUDICATED","","lp_name: took the longer printed form The Ohio Capital Fund LLC"
"DFM_00104","SRC036","","FUND_0104","RiverVest Venture Fund III (Ohio), L.P.","RIVERVEST VENTURE FUND III OHIO L P","","","","","","","subject_fund","lp_position","","The Ohio Capital Fund LLC","16","16","","RiverVest Venture Fund III (Ohio), L.P.","","EXTRACTED","","","ADJUDICATED","","lp_name: took the longer printed form The Ohio Capital Fund LLC"
"DFM_00105","SRC036","","FUND_0105","SunBridge Partners Technology Fund III, L.P.","SUNBRIDGE PARTNERS TECHNOLOGY FUND III L P","","","","","","","subject_fund","lp_position","","The Ohio Capital Fund LLC","16","16","","SunBridge Partners Technology Fund III, L.P.","","EXTRACTED","","","ADJUDICATED","","lp_name: took the longer printed form The Ohio Capital Fund LLC"
"DFM_00106","SRC036","","FUND_0106","SV Life Sciences Fund IV, L.P.","SV LIFE SCIENCES FUND IV L P","","","","","","","subject_fund","lp_position","","The Ohio Capital Fund LLC","16","16","","SV Life Sciences Fund IV, L.P.","","EXTRACTED","","","ADJUDICATED","","lp_name: took the longer printed form The Ohio Capital Fund LLC"
"DFM_00107","SRC036","","FUND_0107","The Ohio Capital Fund LLC","THE OHIO CAPITAL FUND LLC","Buckeye Venture Partners, LLC","","","","","","subject_fund","fund_total","","","3","3","","The Ohio Capital Fund LLC","","EXTRACTED","","","ADJUDICATED","",""
"DFM_00108","SRC038","","FUND_0108","Commonwealth Fund III","COMMONWEALTH FUND III","MassVentures","","","","","","subject_fund","fund_total","","","13","13","","Commonwealth Fund III","","EXTRACTED","","","ADJUDICATED","","manager: took the recorded value MassVentures"
"DFM_00110","SRC053","","FUND_0110","Starwood Real Estate Income Trust","STARWOOD REAL ESTATE INCOME TRUST","Starwood Capital Group","","","","","","subject_fund","fund_total","","","1","1","","Starwood Real Estate Income Trust","","EXTRACTED","","","ADJUDICATED","","manager: took the recorded value Starwood Capital Group"
"DFM_00111","SRC054","","FUND_0110","Starwood Real Estate Income Trust","STARWOOD REAL ESTATE INCOME TRUST","Starwood REIT Advisors, L.L.C.","","","","","","subject_fund","fund_total","","","1","1","","Starwood Real Estate Income Trust","","EXTRACTED","","","ADJUDICATED","",""
"DFM_00112","SRC034","","FUND_0111","Versa Capital Fund II-A, L.P.","VERSA CAPITAL FUND II A L P","Versa Capital Management, LLC","","","","","","subject_fund","fund_total","","","9","9","","Versa Capital Fund II-A, L.P.","","EXTRACTED","","","ADJUDICATED","","spot check holds: the combining statements carry a separate column for each partnership; manager confirmed from the Versa Capital Management, LLC mark on the investor statements"
"DFM_00113","SRC034","","FUND_0112","Versa Capital Fund II, L.P.","VERSA CAPITAL FUND II L P","Versa Capital Management, LLC","","","","","","subject_fund","fund_total","","","11","11","","Versa Capital Fund II, L.P.","","EXTRACTED","","","ADJUDICATED","","conflict settled for LLC: the investor statements are headed with the Versa Capital Management, LLC mark; no page carries Versa Capital Management, L.P."
"DFM_00114","SRC037","","FUND_0113","Khosla Ventures III","KHOSLA VENTURES III","","","","","","","subject_fund","lp_position","","Utah Fund of Funds, LLC","24","24","","Khosla Ventures III","","EXTRACTED","","","ADJUDICATED","",""
"DFM_00115","SRC037","","FUND_0114","Media Technology Ventures V","MEDIA TECHNOLOGY VENTURES V","","","","","","","subject_fund","lp_position","","Utah Fund of Funds, LLC","23","23","","Media Technology Ventures V 7.90% 0.14% 3,510,450","","EXTRACTED","","","ADJUDICATED","","spot check holds: the schedule of investments lists the position held by Utah Fund of Funds, LLC"
"DFM_00116","SRC037","","FUND_0115","New Enterprise Associates 13","NEW ENTERPRISE ASSOCIATES 13","","","","","","","subject_fund","lp_position","","Utah Fund of Funds, LLC","24","24","","New Enterprise Associates 13","","EXTRACTED","","","ADJUDICATED","",""
"DFM_00117","SRC037","","FUND_0116","Sorenson Capital Partners II Cont. Vehicle","SORENSON CAPITAL PARTNERS II CONT VEHICLE","","","","","","","subject_fund","lp_position","","Utah Fund of Funds, LLC","23","23","","Sorenson Capital Partners II Cont. Vehicle","","EXTRACTED","","","ADJUDICATED","",""
"DFM_00118","SRC037","","FUND_0117","SV Fund IV","SV FUND IV","","","","","","","subject_fund","lp_position","","Utah Fund of Funds, LLC","24","24","","SV Fund IV","","EXTRACTED","","","ADJUDICATED","",""
"DFM_00119","SRC037","","FUND_0118","SV Life Sciences IV CF","SV LIFE SCIENCES IV CF","","","","","","","subject_fund","lp_position","","Utah Fund of Funds, LLC","23","23","","SV Life Sciences IV CF","","EXTRACTED","","","ADJUDICATED","",""
"DFM_00120","SRC037","","FUND_0119","TA XI","TA XI","","","","","","","subject_fund","lp_position","","Utah Fund of Funds, LLC","23","23","","TA XI","","EXTRACTED","","","ADJUDICATED","",""
"DFM_00121","SRC037","","FUND_0120","Utah Fund of Funds, LLC","UTAH FUND OF FUNDS LLC","Utah Capital Investment Corporation","","","","","","subject_fund","fund_total","","","17","17","","UTAH FUND OF FUNDS, LLC","","EXTRACTED","","","ADJUDICATED","",""
"DFM_00122","SRC039","","FUND_0121","BioScience Facilities Fund","BIOSCIENCE FACILITIES FUND","Connecticut Innovations, Incorporated","","","","","","subject_fund","fund_total","","","18","18","","BioScience Facilities Fund - This program was developed to enable the development of laboratory space in Connecticut","","EXTRACTED","","","ADJUDICATED","",""
"DFM_00123","SRC039","","FUND_0122","CBRA Fund","CBRA FUND","Connecticut Innovations, Incorporated","","","","","","subject_fund","fund_total","","","25","25","","The remaining $4,988,921 (21%) is comprised of 7 loans in the CBRA Fund","","EXTRACTED","","","ADJUDICATED","",""
"DFM_00124","SRC039","","FUND_0123","Clean Tech Fund","CLEAN TECH FUND","Connecticut Innovations, Incorporated","","","","","","subject_fund","fund_total","","","18","18","","Clean Tech Fund - This program was developed to support the demand for alternative energy technologies","","EXTRACTED","","","ADJUDICATED","",""
"DFM_00125","SRC039","","FUND_0124","Connecticut Bioscience Innovation Fund","CONNECTICUT BIOSCIENCE INNOVATION FUND","Connecticut Innovations, Incorporated","","","","","","subject_fund","fund_total","","","26","26","","CI was appointed administrator of the Connecticut Bioscience Innovation Fund (CBIF)","","EXTRACTED","","","ADJUDICATED","",""
"DFM_00126","SRC039","","FUND_0125","Connecticut Capital Access Fund","CONNECTICUT CAPITAL ACCESS FUND","Connecticut Innovations, Incorporated","","","","","","subject_fund","fund_total","","","19","19","","The Connecticut Capital Access Fund provides portfolio insurance to participating financial institutions","","EXTRACTED","","","ADJUDICATED","",""
"DFM_00127","SRC039","","FUND_0126","Connecticut Clean Energy Fund","CONNECTICUT CLEAN ENERGY FUND","Connecticut Innovations, Incorporated","","","","","","subject_fund","fund_total","","","26","26","","the successor entity to the Connecticut Clean Energy Fund (CCEF) and directed that CCEF be administered on a contract basis by the Corporation","","EXTRACTED","","","ADJUDICATED","",""
"DFM_00128","SRC039","","FUND_0127","Connecticut State Treasurer's Short-Term Investment Fund","CONNECTICUT STATE TREASURER S SHORT TERM INVESTMENT FUND","","","","","","","subject_fund","lp_position","","Connecticut Innovations, Incorporated","23","23","","Connecticut State Treasurer's Short-Term Investment Fund 67,786,195","","EXTRACTED","","","ADJUDICATED","","perspective corrected to lp_position: this is an external pooled fund the Corporation holds cash equivalents in, not one of its own programs"
"DFM_00129","SRC039","","FUND_0128","Connecticut Works Fund","CONNECTICUT WORKS FUND","Connecticut Innovations, Incorporated","","","","","","subject_fund","fund_total","","","19","19","","The Connecticut Works Fund includes direct loans and a loan guarantee program with participating lenders","","EXTRACTED","","","ADJUDICATED","",""
"DFM_00130","SRC039","","FUND_0129","Connecticut Works Guarantee Fund","CONNECTICUT WORKS GUARANTEE FUND","Connecticut Innovations, Incorporated","","","","","","subject_fund","fund_total","","","19","19","","The Connecticut Works Guarantee Fund provides commitments to guarantee loans made by participating financial institutions","","EXTRACTED","","","ADJUDICATED","",""
"DFM_00131","SRC039","","FUND_0130","Eli Whitney Fund","ELI WHITNEY FUND","Connecticut Innovations, Incorporated","","","","","","subject_fund","fund_total","","","17","17","","Eli Whitney Fund - This program may be used for risk capital investments in emerging and established companies","","EXTRACTED","","","ADJUDICATED","","spot check holds: note 1 describes the program and the portfolio investments table reports its balance"
"DFM_00132","SRC039","","FUND_0131","Fund of Fund","FUND OF FUND","Connecticut Innovations, Incorporated","","","","","","subject_fund","fund_total","","","38","38","","Fund of Fund","","EXTRACTED","","","ADJUDICATED","","manager: took the recorded value Connecticut Innovations, Incorporated"
"DFM_00133","SRC039","","FUND_0132","Growth Fund","GROWTH FUND","Connecticut Innovations, Incorporated","","","","","","subject_fund","fund_total","","","18","18","","Growth Fund - Under the Growth Fund, the Corporation is authorized to issue individual loans up to a maximum of $4,000,000","","EXTRACTED","","","ADJUDICATED","",""
"DFM_00135","SRC039","","FUND_0134","PreSeed Fund","PRESEED FUND","Connecticut Innovations, Incorporated","","","","","","subject_fund","fund_total","","","18","18","","PreSeed Fund - This program was developed to provide support and assistance to prepare high technology companies for future investments","","EXTRACTED","","","ADJUDICATED","",""
"DFM_00136","SRC039","","FUND_0135","Proof of Concept","PROOF OF CONCEPT","Connecticut Innovations, Incorporated","","","","","","subject_fund","fund_total","","","24","24","","SSBCI 13,158,755 - 13,158,755 Proof of Concept","","EXTRACTED","","","ADJUDICATED","","carried as a CI Fund in the portfolio investments table and in the equity commitments note"
"DFM_00137","SRC039","","FUND_0136","Regenerative Medicine Research Fund","REGENERATIVE MEDICINE RESEARCH FUND","Connecticut Innovations, Incorporated","","","","","","subject_fund","fund_total","","","36","36","","Connecticut Innovations, Incorporated, shall serve as administrator of the Regenerative Medicine Research Fund","","EXTRACTED","","","ADJUDICATED","",""
"DFM_00138","SRC039","","FUND_0137","Seed Fund","SEED FUND","Connecticut Innovations, Incorporated","","","","","","subject_fund","fund_total","","","24","24","","Seed Fund","","EXTRACTED","","","ADJUDICATED","","manager: took the recorded value Connecticut Innovations, Incorporated"
"DFM_00139","SRC039","","FUND_0138","SSBCI","SSBCI","Connecticut Innovations, Incorporated","","","","","","subject_fund","fund_total","","","24","24","","Mezzanine Fund - 8,343,316 8,343,316 SSBCI 13,158,755","","EXTRACTED","","","ADJUDICATED","","carried as a CI Fund in the portfolio investments table"
"DFM_00140","SRC040","","FUND_0139","Builder Fund","BUILDER FUND","Maryland Technology Development Corporation","","","","","","subject_fund","fund_total","","","10","10","","Builder Fund","","EXTRACTED","","","ADJUDICATED","","manager: took the recorded value Maryland Technology Development Corporation"
"DFM_00141","SRC040","","FUND_0140","Business Assistance Fund","BUSINESS ASSISTANCE FUND","Maryland Technology Development Corporation","","","","","","subject_fund","fund_total","","","7","7","","Business Assistance Fund","","EXTRACTED","","","ADJUDICATED","","manager: took the recorded value Maryland Technology Development Corporation"
"DFM_00142","SRC040","","FUND_0141","Coordinating Emerging Nanobiotechnology Research in Maryland Fund","COORDINATING EMERGING NANOBIOTECHNOLOGY RESEARCH IN MARYLAND FUND","Maryland Technology Development Corporation","","","","","","subject_fund","fund_total","","","7","7","","Chapter 446 of 2008 created the Coordinating Emerging Nanobiotechnology Research in Maryland Fund","","EXTRACTED","","","ADJUDICATED","","spot check holds: the fund is named and created by statute, and the same page records that it has never received an appropriation"
"DFM_00143","SRC040","","FUND_0142","Cybersecurity Investment Fund","CYBERSECURITY INVESTMENT FUND","Maryland Technology Development Corporation","","","","","","subject_fund","fund_total","","","6","6","","Chapter 535 of 2014 created the Cybersecurity Investment Fund (CIF)","","EXTRACTED","","","ADJUDICATED","","spot check holds"
"DFM_00144","SRC040","","FUND_0143","Gap Investment Fund","GAP INVESTMENT FUND","Maryland Technology Development Corporation","","","","","","subject_fund","fund_total","","","6","6","","Gap Investment Fund","","EXTRACTED","","","ADJUDICATED","","manager: took the recorded value Maryland Technology Development Corporation"
"DFM_00145","SRC040","","FUND_0144","Incubator Development Fund","INCUBATOR DEVELOPMENT FUND","Maryland Technology Development Corporation","","","","","","subject_fund","fund_total","","","7","7","","Incubator Development Fund","","EXTRACTED","","","ADJUDICATED","","manager: took the recorded value Maryland Technology Development Corporation"
"DFM_00146","SRC040","","FUND_0145","Life Science Investment Fund","LIFE SCIENCE INVESTMENT FUND","Maryland Technology Development Corporation","","","","","","subject_fund","fund_total","","","6","6","","Life Science Investment Fund","","EXTRACTED","","","ADJUDICATED","","manager: took the recorded value Maryland Technology Development Corporation"
"DFM_00147","SRC040","","FUND_0146","Maryland Innovation Initiative","MARYLAND INNOVATION INITIATIVE","Maryland Technology Development Corporation","","","","","","subject_fund","fund_total","","","5","5","","Chapter 450 of 2012 created the Maryland Innovation Initiative (MII)","","EXTRACTED","","","ADJUDICATED","","carried as a TEDCO Program in the qualified business report and reported with its own FY2021 investment statistics"
"DFM_00148","SRC040","","FUND_0147","Maryland Stem Cell Research Fund","MARYLAND STEM CELL RESEARCH FUND","Maryland Technology Development Corporation","","","","","","subject_fund","fund_total","","","14","14","","Maryland Stem Cell Research Fund","","EXTRACTED","","","ADJUDICATED","","manager: took the recorded value Maryland Technology Development Corporation"
"DFM_00149","SRC040","","FUND_0148","Maryland Technology Commercialization Fund","MARYLAND TECHNOLOGY COMMERCIALIZATION FUND","Maryland Technology Development Corporation","","","","","","subject_fund","fund_total","","","5","5","","Maryland Technology Commercialization Fund","","EXTRACTED","","","ADJUDICATED","","manager: took the recorded value Maryland Technology Development Corporation"
"DFM_00150","SRC040","","FUND_0149","Maryland Venture Fund","MARYLAND VENTURE FUND","Maryland Technology Development Corporation","","","","","","subject_fund","fund_total","","","14","14","","Maryland Venture Fund","","EXTRACTED","","","ADJUDICATED","","manager: took the recorded value Maryland Technology Development Corporation"
"DFM_00151","SRC040","","FUND_0150","Rural Pre-Seed Investment Fund","RURAL PRE SEED INVESTMENT FUND","Maryland Technology Development Corporation","","","","","","subject_fund","fund_total","","","9","9","","Rural Pre-Seed Investment Fund","","EXTRACTED","","","ADJUDICATED","","manager: took the recorded value Maryland Technology Development Corporation"
"DFM_00152","SRC040","","FUND_0151","Seed Investment Funds","SEED INVESTMENT FUNDS","Maryland Technology Development Corporation","","","","","","subject_fund","fund_total","","","17","17","","Seed Investment Funds","","EXTRACTED","","","ADJUDICATED","","manager: took the recorded value Maryland Technology Development Corporation"
"DFM_00153","SRC101","","FUND_0152","Heritage Fund I, L.P.","HERITAGE FUND I L P","Heritage Partners, Inc.","","","","","","subject_fund","fund_total","","","3","3","","Heritage Fund I, L.P. Combined Statement of Assets, Liabilities & Partners' Capital For the Quarter Ended June 30, 2009 - Unaudited -","","EXTRACTED","","","ADJUDICATED","","Spot check confirmed on page 3; manager Heritage Partners, Inc. confirmed on the page 1 cover and page 2 letterhead. Adjudicator note: page 5 ALLOCATIONS PER PARTNER names Penn Public School Employees' Ret. System as a partner of this fund and no lp_position row was mapped by either agent."
"DFM_00154","SRC102","","FUND_0153","Jefferson Partners Fund IV, L.P.","JEFFERSON PARTNERS FUND IV L P","","","","","","","subject_fund","fund_total","","","6","6","","The Fund is intended to invest side by side with Jefferson Partners Fund IV, L.P. and Jefferson Partners Fund IV, (U.S.), L.P.","","EXTRACTED","","","ADJUDICATED","",""
"DFM_00155","SRC102","","FUND_0154","Jefferson Partners Fund IV (PA), L.P.","JEFFERSON PARTNERS FUND IV PA L P","Jefferson Partners Fund IV Management Corp.","","","","","","subject_fund","fund_total","","","6","6","","Jefferson Partners Fund IV (PA), L.P. (the ""Fund"") was formed through a Limited Partnership Agreement (the ""LP Agreement"") established under the laws of the State of Delaware on March 11, 2003. The Fund was created for the purpose of making equity-based venture investments in technology companies, principally in Canada. JPIV G.P., L.P. acts as the general partner (the""General Partner"") to the Fund. Jefferson Partners Fund IV Management Corp. (the ""Fund Manager"") provides investment management, administrative and related services to the Fund.","","EXTRACTED","","","ADJUDICATED","","Spot check confirmed on page 6, which carries both the fund name and the Fund Manager. Adjudicator note: printed page 10 note 4 lists Pennsylvania Public School Employees' Retirement System as a limited partner and no lp_position row was mapped by either agent."
"DFM_00156","SRC102","","FUND_0155","Jefferson Partners Fund IV, (U.S.), L.P.","JEFFERSON PARTNERS FUND IV U S L P","","","","","","","subject_fund","fund_total","","","6","6","","The Fund is intended to invest side by side with Jefferson Partners Fund IV, L.P. and Jefferson Partners Fund IV, (U.S.), L.P., sharing in each investment pro rata in proportion to the unused capital commitments of its investors","","EXTRACTED","","","ADJUDICATED","",""
"DFM_00157","SRC462","","FUND_0156","Global Infrastructure Partners II-C, L.P.","GLOBAL INFRASTRUCTURE PARTNERS II C L P","","","","","","","subject_fund","lp_position","","Northumberland County Council","1","1","","Global Infrastructure Partners II-C, L.P. Statement of Partner's Capital Account March 31, 2017 Limited Partner: Northumberland County Council","","EXTRACTED","","","ADJUDICATED","",""
"DFM_00158","SRC463","","FUND_0157","ANTIN INFRASTRUCTURE PARTNERS II LP","ANTIN INFRASTRUCTURE PARTNERS II LP","","","","","","","subject_fund","lp_position","","Northumberland County Council acting in its capacity as the administering authority for the Northumberland County Council Pension Fund","2","2","","INVESTEE FUND ANTIN INFRASTRUCTURE PARTNERS II LP INVESTOR Northumberland County Council acting in its capacity as the administering authority for the Northumberland County Council Pension Fund","","EXTRACTED","","","ADJUDICATED","","lp_name: took the longer printed form Northumberland County Council acting in its capacity as the administering authority for the Northumberland County Council Pension Fund"
