"contract_version","file_id","source_sha256","canonical_doc_type","route","product_tier","agent_role","record_family","source_page","source_structure_type","source_section","source_table","source_row_label","source_column_label","source_occurrence","subject_type","subject_name","asset_class","strategy","geography","manager_name","investor_name","portfolio_name","vintage_year","period_start","period_end","as_of_date","horizon","currency_scale","metric_category","metric_name","metric_value_raw","unit","term_category","text_raw","basis_raw","condition_raw","evidence_quote","evidence_class","notes","source_agents","adjudication_status"
"2026-08-22.2","SRC107","440fe73f9d712e511d30234a8466716627c6336e7e0990ca47a396b40bc7cd15","DDQ","05-fund-legal-docs","CORE","ADJUDICATED","ddq_quantitative_observation","4","TABLE","INVESTMENT MANAGER INFORMATION","COMPANY","Please give a brief history of the company","UNLABELED_COLUMN_1","1","manager","Bear Stearns Asset Management Inc.","","","","","","","","","","","","billion","aum","Please give a brief history of the company","$36","","","","","","manage approximately $36 billion in assets across a wide spectrum of","actual","","A+B+ADJUDICATOR","RESOLVED"
"2026-08-22.2","SRC107","440fe73f9d712e511d30234a8466716627c6336e7e0990ca47a396b40bc7cd15","DDQ","05-fund-legal-docs","CORE","ADJUDICATED","document_context","4","DOCUMENT","INVESTMENT MANAGER INFORMATION","","DOCUMENT","","1","document","AIMA's Illustrative Questionnaire for Due Diligence Review of Hedge Fund Managers","","","","Bear Stearns Asset Management Inc.","","","","","","MONDAY, 01 MAY 2006","","","","","","","","","","","NB: THE INFORMATION GIVEN HEREIN IS CORRECT AS AT MONDAY, 01 MAY 2006","actual","Filed on page 4, not page 1: page 1 is a cover with no eligible observation and the pipeline rejects a page whose only record is this row. Page 1's cover box names the fund, 'AIMA'S ILLUSTRATIVE QUESTIONNAIRE FOR DUE DILIGENCE OF Bear Stearns High Grade Structured Credit Strategies Fund'.","A+B+ADJUDICATOR","RESOLVED"
"2026-08-22.2","SRC107","440fe73f9d712e511d30234a8466716627c6336e7e0990ca47a396b40bc7cd15","DDQ","05-fund-legal-docs","CORE","ADJUDICATED","ddq_quantitative_observation","5","TABLE","","COMPANY","Please list the total assets under management by the company across its different categories of client including the fund","UNLABELED_COLUMN_1","1","manager","BSAM","","","","","","","","","","March 31, 2006","","billion","aum","Please list the total assets under management by the company across its different categories of client including the fund","$36.1","","","","","","As of March 31, 2006, BSAM managed a total of S36. I billion of assets,","actual","IMAGE_ONLY: page-005.png prints $36.1; the PDF's own text layer renders it S36. I.","A+B+ADJUDICATOR","RESOLVED"
"2026-08-22.2","SRC107","440fe73f9d712e511d30234a8466716627c6336e7e0990ca47a396b40bc7cd15","DDQ","05-fund-legal-docs","CORE","ADJUDICATED","ddq_quantitative_observation","6","TABLE","","COMPANY","Please list the total assets under management by the company across its different categories of client including the fund","UNLABELED_COLUMN_1","1","asset_class","equity products","","","","","","","","","","","","billion","aum","Please list the total assets under management by the company across its different categories of client including the fund","$15.7","","","","","","by the company across its different categories including 515.7 billion in equity products","actual","IMAGE_ONLY: page-006.png prints $15.7; the PDF's own text layer renders it 515.7.","A+B+ADJUDICATOR","RESOLVED"
"2026-08-22.2","SRC107","440fe73f9d712e511d30234a8466716627c6336e7e0990ca47a396b40bc7cd15","DDQ","05-fund-legal-docs","CORE","ADJUDICATED","ddq_quantitative_observation","6","TABLE","","COMPANY","Please list the total assets under management by the company across its different categories of client including the fund","UNLABELED_COLUMN_1","2","asset_class","fixed income products","","","","","","","","","","","","billion","aum","Please list the total assets under management by the company across its different categories of client including the fund","$15.0","","","","","","by the company across its different categories including 515.7 billion in equity products, $15.0 billion in fixed income","actual","","A+B+ADJUDICATOR","RESOLVED"
"2026-08-22.2","SRC107","440fe73f9d712e511d30234a8466716627c6336e7e0990ca47a396b40bc7cd15","DDQ","05-fund-legal-docs","CORE","ADJUDICATED","ddq_quantitative_observation","6","TABLE","","COMPANY","Please list the total assets under management by the company across its different categories of client including the fund","UNLABELED_COLUMN_1","3","asset_class","alternative investments","","","","","","","","","","","","billion","aum","Please list the total assets under management by the company across its different categories of client including the fund","$5.4","","","","","","products and $5.4 billion in alternative investments.","actual","","A+B+ADJUDICATOR","RESOLVED"
"2026-08-22.2","SRC107","440fe73f9d712e511d30234a8466716627c6336e7e0990ca47a396b40bc7cd15","DDQ","05-fund-legal-docs","CORE","ADJUDICATED","ddq_quantitative_observation","6","TABLE","","COMPANY","Please list the total assets under management by the company across its different categories of client including the fund","UNLABELED_COLUMN_1","4","manager","HGSCS team","","","","","","","","","","","","billion","aum","Please list the total assets under management by the company across its different categories of client including the fund","$1.5","","","","","","investments total includes the $1.5 billion in assets managed by the","actual","","A+B+ADJUDICATOR","RESOLVED"
"2026-08-22.2","SRC107","440fe73f9d712e511d30234a8466716627c6336e7e0990ca47a396b40bc7cd15","DDQ","05-fund-legal-docs","CORE","ADJUDICATED","ddq_quantitative_observation","6","TABLE","","ORGANISATION","How many full-time employees are there?","UNLABELED_COLUMN_1","1","manager","Bear Stearns","","","","","","","","","","March 31, 2006","","","staff_count","How many full-time employees are there?","12,000","","","","","","As of March 31, 2006 Bear Steams has approximately 12,000 full","actual","","A+B+ADJUDICATOR","RESOLVED"
"2026-08-22.2","SRC107","440fe73f9d712e511d30234a8466716627c6336e7e0990ca47a396b40bc7cd15","DDQ","05-fund-legal-docs","CORE","ADJUDICATED","ddq_quantitative_observation","6","TABLE","","ORGANISATION","How many full-time employees are there?","UNLABELED_COLUMN_1","2","manager","BSAM","","","","","","","","","","March 31, 2006","","","staff_count","How many full-time employees are there?","331","","","","","","employees. Of this number, 331 work full","actual","","A+B+ADJUDICATOR","RESOLVED"
"2026-08-22.2","SRC107","440fe73f9d712e511d30234a8466716627c6336e7e0990ca47a396b40bc7cd15","DDQ","05-fund-legal-docs","CORE","ADJUDICATED","ddq_quantitative_observation","6","TABLE","","ORGANISATION","How many investment professionals (portfolio managers, analysts, etc.) in the company?","UNLABELED_COLUMN_1","1","manager","BSAM","","","","","","","","","","","","","staff_count","How many investment professionals (portfolio managers, analysts, etc.) in the company?","125","","","","","","BSAM currently employs 125 investment professionals.","actual","","A+B+ADJUDICATOR","RESOLVED"
"2026-08-22.2","SRC107","440fe73f9d712e511d30234a8466716627c6336e7e0990ca47a396b40bc7cd15","DDQ","05-fund-legal-docs","CORE","ADJUDICATED","ddq_quantitative_observation","6","TABLE","","ORGANISATION","How many investment professionals (portfolio managers, analysts, etc.) in the company?","UNLABELED_COLUMN_1","2","other_printed_scope","portfolio managers","","","","","","","","","","","","","staff_count","How many investment professionals (portfolio managers, analysts, etc.) in the company?","30","","","","","","total are 30 portfolio managers, 43 research analysts, and 52 other","actual","","A+B+ADJUDICATOR","RESOLVED"
"2026-08-22.2","SRC107","440fe73f9d712e511d30234a8466716627c6336e7e0990ca47a396b40bc7cd15","DDQ","05-fund-legal-docs","CORE","ADJUDICATED","ddq_quantitative_observation","6","TABLE","","ORGANISATION","How many investment professionals (portfolio managers, analysts, etc.) in the company?","UNLABELED_COLUMN_1","3","other_printed_scope","research analysts","","","","","","","","","","","","","staff_count","How many investment professionals (portfolio managers, analysts, etc.) in the company?","43","","","","","","total are 30 portfolio managers, 43 research analysts, and 52 other","actual","","A+B+ADJUDICATOR","RESOLVED"
"2026-08-22.2","SRC107","440fe73f9d712e511d30234a8466716627c6336e7e0990ca47a396b40bc7cd15","DDQ","05-fund-legal-docs","CORE","ADJUDICATED","ddq_quantitative_observation","6","TABLE","","ORGANISATION","How many investment professionals (portfolio managers, analysts, etc.) in the company?","UNLABELED_COLUMN_1","4","other_printed_scope","other investment professionals","","","","","","","","","","","","","staff_count","How many investment professionals (portfolio managers, analysts, etc.) in the company?","52","","","","","","total are 30 portfolio managers, 43 research analysts, and 52 other","actual","","A+B+ADJUDICATOR","RESOLVED"
"2026-08-22.2","SRC107","440fe73f9d712e511d30234a8466716627c6336e7e0990ca47a396b40bc7cd15","DDQ","05-fund-legal-docs","CORE","ADJUDICATED","ddq_quantitative_observation","6","TABLE","","OWNERSHIP","Describe the company's ownership structure, name of its owners, their percentage ownership, and their role within the company","UNLABELED_COLUMN_1","1","investor","Bear Stearns employees","","","","","","","","","","","","","ownership_percentage","Describe the company's ownership structure, name of its owners, their percentage ownership, and their role within the company","40%","%","","","","","employees hold approximately 40% of Bear Steams' stock with the","actual","","A+B+ADJUDICATOR","RESOLVED"
"2026-08-22.2","SRC107","440fe73f9d712e511d30234a8466716627c6336e7e0990ca47a396b40bc7cd15","DDQ","05-fund-legal-docs","CORE","ADJUDICATED","ddq_quantitative_observation","6","TABLE","","OWNERSHIP","Describe the company's ownership structure, name of its owners, their percentage ownership, and their role within the company","UNLABELED_COLUMN_1","2","investor","Private Capital Management, L.P.","","","","","","","","","","","","","ownership_percentage","Describe the company's ownership structure, name of its owners, their percentage ownership, and their role within the company","6.1%","%","","","","","Management, L.P. owns 6.\% of the common stock. The largest","actual","IMAGE_ONLY: page-006.png prints 6.1%; the PDF's own text layer renders it 6.\%.","A+B+ADJUDICATOR","RESOLVED"
"2026-08-22.2","SRC107","440fe73f9d712e511d30234a8466716627c6336e7e0990ca47a396b40bc7cd15","DDQ","05-fund-legal-docs","CORE","ADJUDICATED","ddq_quantitative_observation","6","TABLE","","OWNERSHIP","Describe the company's ownership structure, name of its owners, their percentage ownership, and their role within the company","UNLABELED_COLUMN_1","3","investor","James Cayne","","","","","","","","","","","","","ownership_percentage","Describe the company's ownership structure, name of its owners, their percentage ownership, and their role within the company","5.6%","%","","","","","Officer of Bear Steams, with 5.6% of the firm's stock.","actual","","A+B+ADJUDICATOR","RESOLVED"
"2026-08-22.2","SRC107","440fe73f9d712e511d30234a8466716627c6336e7e0990ca47a396b40bc7cd15","DDQ","05-fund-legal-docs","CORE","ADJUDICATED","ddq_quantitative_observation","7","TABLE","","FEES","Incentive fee","UNLABELED_COLUMN_1","1","fund","Bear Stearns High Grade Structured Credit Strategies Fund","","","","","","","","","","","","","performance_fee","Incentive fee","20%","%","","","","","The Fund charges a 20% incentive fee that is subject to a lifetime high","actual","","A+B+ADJUDICATOR","RESOLVED"
"2026-08-22.2","SRC107","440fe73f9d712e511d30234a8466716627c6336e7e0990ca47a396b40bc7cd15","DDQ","05-fund-legal-docs","CORE","ADJUDICATED","ddq_quantitative_observation","7","TABLE","","FEES","Management fee","UNLABELED_COLUMN_1","1","fund","Bear Stearns High Grade Structured Credit Strategies Fund","","","","","","","","","","","","","management_fee","Management fee","2%","%","","","","","2% of the net asset value.","actual","","A+B+ADJUDICATOR","RESOLVED"
"2026-08-22.2","SRC107","440fe73f9d712e511d30234a8466716627c6336e7e0990ca47a396b40bc7cd15","DDQ","05-fund-legal-docs","CORE","ADJUDICATED","ddq_quantitative_observation","7","TABLE","","FEES","Redemption fee","UNLABELED_COLUMN_1","1","fund","Bear Stearns High Grade Structured Credit Strategies Fund","","","","","","","","","","","","","redemption_notice","Redemption fee","60","days","","","","","anniversary of their initial contribution upon not less than 60 days' prior","actual","","A+B+ADJUDICATOR","RESOLVED"
"2026-08-22.2","SRC107","440fe73f9d712e511d30234a8466716627c6336e7e0990ca47a396b40bc7cd15","DDQ","05-fund-legal-docs","CORE","ADJUDICATED","ddq_quantitative_observation","7","TABLE","","FEES","Redemption fee","UNLABELED_COLUMN_1","2","fund","Bear Stearns High Grade Structured Credit Strategies Fund","","","","","","","","","","","","","redemption_notice","Redemption fee","40","days","","","","","any month upon not less than 40 days prior written notice, subject to a 2%","actual","","A+B+ADJUDICATOR","RESOLVED"
"2026-08-22.2","SRC107","440fe73f9d712e511d30234a8466716627c6336e7e0990ca47a396b40bc7cd15","DDQ","05-fund-legal-docs","CORE","ADJUDICATED","ddq_quantitative_observation","7","TABLE","","FUND DETAILS","Fund structure","UNLABELED_COLUMN_1","1","fund","Bear Stearns High Grade Structured Credit Strategies Fund","","","","","","","","","","","","","leverage","Fund structure","2x","x","","","","","In addition to the onshore and offshore feeders, 2x and 3x leveraged versions of the Fund are available for investment.","actual","","A+B+ADJUDICATOR","RESOLVED"
"2026-08-22.2","SRC107","440fe73f9d712e511d30234a8466716627c6336e7e0990ca47a396b40bc7cd15","DDQ","05-fund-legal-docs","CORE","ADJUDICATED","ddq_quantitative_observation","7","TABLE","","FUND DETAILS","Fund structure","UNLABELED_COLUMN_1","2","fund","Bear Stearns High Grade Structured Credit Strategies Fund","","","","","","","","","","","","","leverage","Fund structure","3x","x","","","","","In addition to the onshore and offshore feeders, 2x and 3x leveraged versions of the Fund are available for investment.","actual","","A+B+ADJUDICATOR","RESOLVED"
"2026-08-22.2","SRC107","440fe73f9d712e511d30234a8466716627c6336e7e0990ca47a396b40bc7cd15","DDQ","05-fund-legal-docs","CORE","ADJUDICATED","ddq_quantitative_observation","8","TABLE","","INVESTMENT/REDEMPTION AND LOCK UP TERMS","Does the fund have any lock-up period or any other liquidity constraints?","UNLABELED_COLUMN_1","1","fund","Bear Stearns High Grade Structured Credit Strategies Fund","","","","","","","","","","","","","lockup","Does the fund have any lock-up period or any other liquidity constraints?","1","year","","","","","1 year lock-up period.","actual","","A+B+ADJUDICATOR","RESOLVED"
"2026-08-22.2","SRC107","440fe73f9d712e511d30234a8466716627c6336e7e0990ca47a396b40bc7cd15","DDQ","05-fund-legal-docs","CORE","ADJUDICATED","ddq_quantitative_observation","8","TABLE","","INVESTMENT/REDEMPTION AND LOCK UP TERMS","Minimum initial investment","UNLABELED_COLUMN_1","1","fund","Bear Stearns High Grade Structured Credit Strategies Fund","","","","","","","","","","","","","minimum_investment","Minimum initial investment","$1,000,000","","","","","","The minimum investment is SI,ooo,ooO.","actual","IMAGE_ONLY: page-008.png prints $1,000,000; the PDF's own text layer renders it SI,ooo,ooO.","A+B+ADJUDICATOR","RESOLVED"
"2026-08-22.2","SRC107","440fe73f9d712e511d30234a8466716627c6336e7e0990ca47a396b40bc7cd15","DDQ","05-fund-legal-docs","CORE","ADJUDICATED","ddq_quantitative_observation","8","TABLE","","INVESTMENT/REDEMPTION AND LOCK UP TERMS","Redemption cash proceeds time period","UNLABELED_COLUMN_1","1","fund","Bear Stearns High Grade Structured Credit Strategies Fund","","","","","","","","","","","","","liquidity","Redemption cash proceeds time period","90%","%","","","","","90""10 of the withdrawal proceeds will be paid within 30 days of the relevant","actual","IMAGE_ONLY: page-008.png prints 90%; the PDF's own text layer renders it 90""10.","A+B+ADJUDICATOR","RESOLVED"
"2026-08-22.2","SRC107","440fe73f9d712e511d30234a8466716627c6336e7e0990ca47a396b40bc7cd15","DDQ","05-fund-legal-docs","CORE","ADJUDICATED","ddq_quantitative_observation","8","TABLE","","INVESTMENT/REDEMPTION AND LOCK UP TERMS","Redemption cash proceeds time period","UNLABELED_COLUMN_1","2","fund","Bear Stearns High Grade Structured Credit Strategies Fund","","","","","","","","","","","","","liquidity","Redemption cash proceeds time period","30","days","","","","","90""10 of the withdrawal proceeds will be paid within 30 days of the relevant","actual","","A+B+ADJUDICATOR","RESOLVED"
"2026-08-22.2","SRC107","440fe73f9d712e511d30234a8466716627c6336e7e0990ca47a396b40bc7cd15","DDQ","05-fund-legal-docs","CORE","ADJUDICATED","ddq_quantitative_observation","8","TABLE","","INVESTMENT/REDEMPTION AND LOCK UP TERMS","Redemption cash proceeds time period","UNLABELED_COLUMN_1","3","fund","Bear Stearns High Grade Structured Credit Strategies Fund","","","","","","","","","","","","","liquidity","Redemption cash proceeds time period","60","days","","","","","will be paid within 60 days ofthc withdrawal date.","actual","","A+B+ADJUDICATOR","RESOLVED"
"2026-08-22.2","SRC107","440fe73f9d712e511d30234a8466716627c6336e7e0990ca47a396b40bc7cd15","DDQ","05-fund-legal-docs","CORE","ADJUDICATED","ddq_quantitative_observation","8","TABLE","","INVESTMENT/REDEMPTION AND LOCK UP TERMS","Redemption notice period","UNLABELED_COLUMN_1","1","fund","Bear Stearns High Grade Structured Credit Strategies Fund","","","","","","","","","","","","","redemption_notice","Redemption notice period","60","days","","","","","60 days with no fee. 40 days with a 2% fee.","actual","","A+B+ADJUDICATOR","RESOLVED"
"2026-08-22.2","SRC107","440fe73f9d712e511d30234a8466716627c6336e7e0990ca47a396b40bc7cd15","DDQ","05-fund-legal-docs","CORE","ADJUDICATED","ddq_quantitative_observation","8","TABLE","","INVESTMENT/REDEMPTION AND LOCK UP TERMS","Redemption notice period","UNLABELED_COLUMN_1","2","fund","Bear Stearns High Grade Structured Credit Strategies Fund","","","","","","","","","","","","","redemption_notice","Redemption notice period","40","days","","","","","60 days with no fee. 40 days with a 2% fee.","actual","","A+B+ADJUDICATOR","RESOLVED"
"2026-08-22.2","SRC107","440fe73f9d712e511d30234a8466716627c6336e7e0990ca47a396b40bc7cd15","DDQ","05-fund-legal-docs","CORE","ADJUDICATED","ddq_quantitative_observation","11","TABLE","","FUND ASSETS","List the total assets under management and their respective changes over the last year","UNLABELED_COLUMN_1","1","fund","Bear Stearns High Grade Structured Credit Strategies Fund","","","","","","","","","","March 31, 2006","","billion","aum","List the total assets under management and their respective changes over the last year","$1.495","","","","","","$1.495 billion as of March 31, 2006, up from $1.267 Billion as of March","actual","IMAGE_ONLY: page-011.png prints $1.495; the PDF's own text layer renders it S 1.495.","A+B+ADJUDICATOR","RESOLVED"
"2026-08-22.2","SRC107","440fe73f9d712e511d30234a8466716627c6336e7e0990ca47a396b40bc7cd15","DDQ","05-fund-legal-docs","CORE","ADJUDICATED","ddq_quantitative_observation","11","TABLE","","FUND ASSETS","List the total assets under management and their respective changes over the last year","UNLABELED_COLUMN_1","2","fund","Bear Stearns High Grade Structured Credit Strategies Fund","","","","","","","","","","March 31, 2005","","Billion","aum","List the total assets under management and their respective changes over the last year","$1.267","","","","","","$1.495 billion as of March 31, 2006, up from $1.267 Billion as of March","actual","","A+B+ADJUDICATOR","RESOLVED"
"2026-08-22.2","SRC107","440fe73f9d712e511d30234a8466716627c6336e7e0990ca47a396b40bc7cd15","DDQ","05-fund-legal-docs","CORE","ADJUDICATED","ddq_quantitative_observation","11","TABLE","","FUND ASSETS","Please list the size of assets by investment vehicle","UNLABELED_COLUMN_1","1","fund","Onshore Feeder","","","","","","","","","","","","Million","aum","Please list the size of assets by investment vehicle","$450","","","","","","The Onshore Feeder currently has approximately S450 Million. The","actual","IMAGE_ONLY: page-011.png prints $450; the PDF's own text layer renders it S450.","A+B+ADJUDICATOR","RESOLVED"
"2026-08-22.2","SRC107","440fe73f9d712e511d30234a8466716627c6336e7e0990ca47a396b40bc7cd15","DDQ","05-fund-legal-docs","CORE","ADJUDICATED","ddq_quantitative_observation","11","TABLE","","FUND ASSETS","Please list the size of assets by investment vehicle","UNLABELED_COLUMN_1","2","fund","Offshore Feeder","","","","","","","","","","","","Billion","aum","Please list the size of assets by investment vehicle","$1.0","","","","","","Offshore Feeder has approximately SI.O Billion. There is a Yen Feeder","actual","IMAGE_ONLY: page-011.png prints $1.0; the PDF's own text layer renders it SI.O.","A+B+ADJUDICATOR","RESOLVED"
"2026-08-22.2","SRC107","440fe73f9d712e511d30234a8466716627c6336e7e0990ca47a396b40bc7cd15","DDQ","05-fund-legal-docs","CORE","ADJUDICATED","ddq_quantitative_observation","11","TABLE","","FUND ASSETS","Please list the size of assets by investment vehicle","UNLABELED_COLUMN_1","3","fund","Yen Feeder","","","","","","","","","","","","million","aum","Please list the size of assets by investment vehicle","$30","","","","","","which has approximately S30 million.","actual","IMAGE_ONLY: page-011.png prints $30; the PDF's own text layer renders it S30.","A+B+ADJUDICATOR","RESOLVED"
"2026-08-22.2","SRC107","440fe73f9d712e511d30234a8466716627c6336e7e0990ca47a396b40bc7cd15","DDQ","05-fund-legal-docs","CORE","ADJUDICATED","ddq_quantitative_observation","11","TABLE","","FUND ASSETS","Please list the size of the fund's net assets","UNLABELED_COLUMN_1","1","fund","Bear Stearns High Grade Structured Credit Strategies Fund","","","","","","","","","","March 31, 2006","","billion","aum","Please list the size of the fund's net assets","$1.495","","","","","","S 1.495 billion as of March 31, 2006.","actual","IMAGE_ONLY: page-011.png prints $1.495; the PDF's own text layer renders it S 1.495.","A+B+ADJUDICATOR","RESOLVED"
"2026-08-22.2","SRC107","440fe73f9d712e511d30234a8466716627c6336e7e0990ca47a396b40bc7cd15","DDQ","05-fund-legal-docs","CORE","ADJUDICATED","ddq_quantitative_observation","11","TABLE","","FUND ASSETS","What percentage of assets is represented by the largest investor","UNLABELED_COLUMN_1","1","investor","largest investor","","","","","","","","","","","","","ownership_percentage","What percentage of assets is represented by the largest investor","2%","%","","","","","Currently, the largest investor represents about 2% of the Master Fund's","actual","","A+B+ADJUDICATOR","RESOLVED"
"2026-08-22.2","SRC107","440fe73f9d712e511d30234a8466716627c6336e7e0990ca47a396b40bc7cd15","DDQ","05-fund-legal-docs","CORE","ADJUDICATED","ddq_quantitative_observation","12","TABLE","","WITHDRAWALS","What were the largest withdrawals in your fund since inception?","UNLABELED_COLUMN_1","1","fund","Bear Stearns High Grade Structured Credit Strategies Fund","","","","","","","","","","","","","liquidity","What were the largest withdrawals in your fund since inception?","4.5%","%","","","","","Date: 4.5%ofNAV.","actual","","ADJUDICATOR","ADDED"
"2026-08-22.2","SRC107","440fe73f9d712e511d30234a8466716627c6336e7e0990ca47a396b40bc7cd15","DDQ","05-fund-legal-docs","CORE","ADJUDICATED","ddq_quantitative_observation","13","TABLE","","MANAGER TRACK RECORD","Number of portfolios/accounts managed by the company","UNLABELED_COLUMN_1","1","fund","HighYield Opportunities Fund","","","","","","","","","","","","Million","aum","Number of portfolios/accounts managed by the company","$50","","","","","","Opportunities Fund (which currently has approximately S50 Million in","actual","IMAGE_ONLY: page-013.png prints $50; the PDF's own text layer renders it S50.","A+B+ADJUDICATOR","RESOLVED"
"2026-08-22.2","SRC107","440fe73f9d712e511d30234a8466716627c6336e7e0990ca47a396b40bc7cd15","DDQ","05-fund-legal-docs","CORE","ADJUDICATED","ddq_quantitative_observation","13","TABLE","","MANAGER TRACK RECORD","Total assets managed/advised by the company","UNLABELED_COLUMN_1","1","manager","BSAM","","","","","","","","","","March 31, 2006","","billion","aum","Total assets managed/advised by the company","$36.1","","","","","","As of March 31,2006 BSAM managed a total of $36.1 billion of assets","actual","","A+B+ADJUDICATOR","RESOLVED"
"2026-08-22.2","SRC107","440fe73f9d712e511d30234a8466716627c6336e7e0990ca47a396b40bc7cd15","DDQ","05-fund-legal-docs","CORE","ADJUDICATED","ddq_quantitative_observation","14","TABLE","INVESTMENT STRATEGY","INVESTMENT STRATEGY","Net Leverage","UNLABELED_COLUMN_1","1","fund","Bear Stearns High Grade Structured Credit Strategies Fund","","","","","","","","","","","","","leverage","Net Leverage","10 to 1","","","","","","Net Leverage: 10 to I","actual","IMAGE_ONLY: page-014.png prints 10 to 1; the PDF's own text layer renders it 10 to I.","A+B+ADJUDICATOR","RESOLVED"
"2026-08-22.2","SRC107","440fe73f9d712e511d30234a8466716627c6336e7e0990ca47a396b40bc7cd15","DDQ","05-fund-legal-docs","CORE","ADJUDICATED","ddq_quantitative_observation","15","TABLE","","INVESTMENT STRATEGY","How do you deal with redemptions?","UNLABELED_COLUMN_1","1","fund","Bear Stearns High Grade Structured Credit Strategies Fund","","","","","","","","","","","","","redemption_notice","How do you deal with redemptions?","60","days","","","","","anniversary of their initial contribution upon not less than 60 days' prior","actual","","A+B+ADJUDICATOR","RESOLVED"
"2026-08-22.2","SRC107","440fe73f9d712e511d30234a8466716627c6336e7e0990ca47a396b40bc7cd15","DDQ","05-fund-legal-docs","CORE","ADJUDICATED","ddq_quantitative_observation","15","TABLE","","INVESTMENT STRATEGY","How do you deal with redemptions?","UNLABELED_COLUMN_1","2","fund","Bear Stearns High Grade Structured Credit Strategies Fund","","","","","","","","","","","","","redemption_notice","How do you deal with redemptions?","40","days","","","","","any month upon not less than 40 days prior written notice, subject to a 4%","actual","","A+B+ADJUDICATOR","RESOLVED"
"2026-08-22.2","SRC107","440fe73f9d712e511d30234a8466716627c6336e7e0990ca47a396b40bc7cd15","DDQ","05-fund-legal-docs","CORE","ADJUDICATED","ddq_quantitative_observation","16","TABLE","RISK","LEVERAGE","Discuss your leverage exposure policy and its management over different market cycles","UNLABELED_COLUMN_1","1","fund","Bear Stearns High Grade Structured Credit Strategies Fund","","","","","","","","","","","","","leverage","Discuss your leverage exposure policy and its management over different market cycles","10 to 1","","","","","","of its investments of 10 to I, though the General Partner may usc greater","actual","IMAGE_ONLY: page-016.png prints 10 to 1; the PDF's own text layer renders it 10 to I.","A+B+ADJUDICATOR","RESOLVED"
"2026-08-22.2","SRC107","440fe73f9d712e511d30234a8466716627c6336e7e0990ca47a396b40bc7cd15","DDQ","05-fund-legal-docs","CORE","ADJUDICATED","ddq_quantitative_observation","16","TABLE","RISK","LEVERAGE","Discuss your leverage exposure policy and its management over different market cycles","UNLABELED_COLUMN_1","2","fund","Bear Stearns High Grade Structured Credit Strategies Fund","","","","","","","","","","","","","leverage","Discuss your leverage exposure policy and its management over different market cycles","2x","x","","","","","2x and 3x levered versions of the Fund are also currently available for","actual","","A+B+ADJUDICATOR","RESOLVED"
"2026-08-22.2","SRC107","440fe73f9d712e511d30234a8466716627c6336e7e0990ca47a396b40bc7cd15","DDQ","05-fund-legal-docs","CORE","ADJUDICATED","ddq_quantitative_observation","16","TABLE","RISK","LEVERAGE","Discuss your leverage exposure policy and its management over different market cycles","UNLABELED_COLUMN_1","3","fund","Bear Stearns High Grade Structured Credit Strategies Fund","","","","","","","","","","","","","leverage","Discuss your leverage exposure policy and its management over different market cycles","3x","x","","","","","2x and 3x levered versions of the Fund are also currently available for","actual","","A+B+ADJUDICATOR","RESOLVED"
"2026-08-22.2","SRC107","440fe73f9d712e511d30234a8466716627c6336e7e0990ca47a396b40bc7cd15","DDQ","05-fund-legal-docs","CORE","ADJUDICATED","ddq_quantitative_observation","16","TABLE","RISK","RISK MANAGEMENT","Discuss position and stop-loss limits and their management","UNLABELED_COLUMN_1","1","fund","Bear Stearns High Grade Structured Credit Strategies Fund","","","","","","","","","","","","","position_limit","Discuss position and stop-loss limits and their management","5%","%","","","","","Positions are limited to a maximum 5% exposure per name with a target of","actual","","A+B+ADJUDICATOR","RESOLVED"
"2026-08-22.2","SRC107","440fe73f9d712e511d30234a8466716627c6336e7e0990ca47a396b40bc7cd15","DDQ","05-fund-legal-docs","CORE","ADJUDICATED","ddq_quantitative_observation","16","TABLE","RISK","RISK MANAGEMENT","Discuss position and stop-loss limits and their management","UNLABELED_COLUMN_1","2","fund","Bear Stearns High Grade Structured Credit Strategies Fund","","","","","","","","","","","","","position_limit","Discuss position and stop-loss limits and their management","1%","%","","","","","1% per name and no more than 1/3,d in anyone asset class.","actual","","A+B+ADJUDICATOR","RESOLVED"
"2026-08-22.2","SRC107","440fe73f9d712e511d30234a8466716627c6336e7e0990ca47a396b40bc7cd15","DDQ","05-fund-legal-docs","CORE","ADJUDICATED","ddq_quantitative_observation","16","TABLE","RISK","RISK MANAGEMENT","Discuss position and stop-loss limits and their management","UNLABELED_COLUMN_1","3","fund","Bear Stearns High Grade Structured Credit Strategies Fund","","","","","","","","","","","","","position_limit","Discuss position and stop-loss limits and their management","1/3rd","","","","","","1% per name and no more than 1/3,d in anyone asset class.","actual","IMAGE_ONLY: page-016.png prints 1/3rd; the PDF's own text layer renders it 1/3,d.","A+B+ADJUDICATOR","RESOLVED"
"2026-08-22.2","SRC107","440fe73f9d712e511d30234a8466716627c6336e7e0990ca47a396b40bc7cd15","DDQ","05-fund-legal-docs","CORE","ADJUDICATED","ddq_quantitative_observation","17","TABLE","","RISK MANAGEMENT","Please describe the operational risk management policy","UNLABELED_COLUMN_1","1","service_provider","broker dealers","","","","","","","","","","","","","service_provider_count","Please describe the operational risk management policy","15","","","","","","The tearn receives monthly marks on each of the Fund's investments from up to 15 broker dealers.","actual","","A+B+ADJUDICATOR","RESOLVED"
"2026-08-22.2","SRC607","89188919c2905e70708febd40bfdf0e406a89a69abccd46310a15a437ac6ec7a","Subscription","05-fund-legal-docs","SECONDARY","ADJUDICATED","document_context","1","DOCUMENT","","DOCUMENT","DOCUMENT","","1","document","Lubert-Adler Real Estate Fund VII, L.P.","","","","Lubert-Adler Group VII, L.P.","Commonwealth of Pennsylvania State Employees' Retirement System","","","","","","","","","","","","","","","","SUBSCRIPTION MATERIALS OF LUBERT-ADLER REAL ESTATE FUND VII, L.P.","actual","manager_name printed on pages 3, 4, 29, 41 and 43; investor_name printed on pages 5, 8, 12, 21, 41 and 43.","A+B+ADJUDICATOR","RESOLVED"
"2026-08-22.2","SRC607","89188919c2905e70708febd40bfdf0e406a89a69abccd46310a15a437ac6ec7a","Subscription","05-fund-legal-docs","SECONDARY","ADJUDICATED","subscription_reference","1","NARRATIVE","SUBSCRIPTION MATERIALS OF LUBERT-ADLER REAL ESTATE FUND VII, L.P.","","LUBERT-ADLER REAL ESTATE FUND VII, L.P.","","1","fund","Lubert-Adler Real Estate Fund VII, L.P.","","","","","","","","","","","","","","","","","subscription_fund","LUBERT-ADLER REAL ESTATE FUND VII, L.P.","","","SUBSCRIPTION MATERIALS OF LUBERT-ADLER REAL ESTATE FUND VII, L.P.","actual","","B","VERIFIED_ONE_SIDED"
"2026-08-22.2","SRC607","89188919c2905e70708febd40bfdf0e406a89a69abccd46310a15a437ac6ec7a","Subscription","05-fund-legal-docs","SECONDARY","ADJUDICATED","subscription_reference","3","NARRATIVE","F. Delivery of Documents","","Lubert-Adler Group VII, L.P.","","1","manager","Lubert-Adler Group VII, L.P.","","","","","","","","","","","","","","","","","general_partner","Lubert-Adler Group VII, L.P.","","","delivered to the general partner of the Fund at the following address: Lubert-Adler Group VII, L.P.","actual","","A+B+ADJUDICATOR","RESOLVED"
"2026-08-22.2","SRC607","89188919c2905e70708febd40bfdf0e406a89a69abccd46310a15a437ac6ec7a","Subscription","05-fund-legal-docs","SECONDARY","ADJUDICATED","subscription_reference","5","FORM","1. Background Information and General Questions","","1.2. Amount of Subscription Requested:","","1","investor","Commonwealth of Pennsylvania State Employees' Retirement System","","","","","","","","","","","","","","","","","requested_commitment","$25 million","","","1.2. Amount of Subscription Requested:","actual","IMAGE_ONLY: the completed answer '$25 million' is on page-005.png; the TXT prints only the blank rule.","ADJUDICATOR","ADDED"
"2026-08-22.2","SRC607","89188919c2905e70708febd40bfdf0e406a89a69abccd46310a15a437ac6ec7a","Subscription","05-fund-legal-docs","SECONDARY","ADJUDICATED","subscription_reference","6","FORM","1. Background Information and General Questions","","(k) Governmental plan as defined in ERISA section 3(32) and/or Code section 414(d)","","1","investor","Commonwealth of Pennsylvania State Employees' Retirement System","","","","","","","","","","","","","","","","","subscriber_entity_type","(k) Governmental plan as defined in ERISA section 3(32) and/or Code section 414(d)","","","(k) Governmental plan as defined in ERISA section 3(32) and/or Code section 414(d)","actual","IMAGE_ONLY: the X marking this category is on page-006.png; the TXT prints only the blank rule.","ADJUDICATOR","ADDED"
"2026-08-22.2","SRC607","89188919c2905e70708febd40bfdf0e406a89a69abccd46310a15a437ac6ec7a","Subscription","05-fund-legal-docs","SECONDARY","ADJUDICATED","subscription_reference","12","FORM","3. Additional Questions for Purchasers that are not Individuals","","Other entity or additional information if requested:","","1","investor","Commonwealth of Pennsylvania State Employees' Retirement System","","","","","","","","","","","","","","","","","subscriber_entity_type","state government pension plan","","","Other entity or additional information if requested:","actual","IMAGE_ONLY: the completed answer 'state government pension plan' is on page-012.png; the TXT prints only the blank rule.","ADJUDICATOR","ADDED"
"2026-08-22.2","SRC607","89188919c2905e70708febd40bfdf0e406a89a69abccd46310a15a437ac6ec7a","Subscription","05-fund-legal-docs","SECONDARY","ADJUDICATED","subscription_reference","21","FORM","A. CONFIDENTIAL PURCHASER QUESTIONNAIRE","IN WITNESS WHEREOF","Date","","1","investor","Commonwealth of Pennsylvania State Employees' Retirement System","","","","","","","","","","","","","","","","","execution_date","6/25/14","","","Name: Glenn E. Becker Title: Chairman 125l1y Date","actual","IMAGE_ONLY: page-021.png shows the handwritten 6/25/14; the TXT for this scanned page OCRs it as '125l1y'.","ADJUDICATOR","ADDED"
"2026-08-22.2","SRC607","89188919c2905e70708febd40bfdf0e406a89a69abccd46310a15a437ac6ec7a","Subscription","05-fund-legal-docs","SECONDARY","ADJUDICATED","subscription_reference","29","NARRATIVE","B. SUBSCRIPTION AGREEMENT","","1. Subscription","","1","fund","Lubert-Adler Real Estate Fund VII, L.P.","","","","","","","","","","","","","","","","","fund_jurisdiction","Delaware","","","Lubert-Adler Real Estate Fund VII, L.P., a Delaware limited partnership (the ""Fund"").","actual","","A+B+ADJUDICATOR","RESOLVED"
"2026-08-22.2","SRC607","89188919c2905e70708febd40bfdf0e406a89a69abccd46310a15a437ac6ec7a","Subscription","05-fund-legal-docs","SECONDARY","ADJUDICATED","subscription_reference","29","NARRATIVE","B. SUBSCRIPTION AGREEMENT","","1. Subscription","","2","fund","Lubert-Adler Real Estate Fund VII, L.P.","","","","","","","","","","","","","","","","","subscription_fund","Lubert-Adler Real Estate Fund VII, L.P.","","","to purchase Limited Partnership Interests (""Interests"") in Lubert-Adler Real Estate Fund VII, L.P., a Delaware limited partnership (the ""Fund"").","actual","","A+B+ADJUDICATOR","RESOLVED"
"2026-08-22.2","SRC607","89188919c2905e70708febd40bfdf0e406a89a69abccd46310a15a437ac6ec7a","Subscription","05-fund-legal-docs","SECONDARY","ADJUDICATED","subscription_reference","29","NARRATIVE","B. SUBSCRIPTION AGREEMENT","","To:","","1","manager","Lubert-Adler Group VII, L.P.","","","","","","","","","","","","","","","","","general_partner","Lubert-Adler Group VII, L.P.","","","To: Lubert-Adler Group VII, L.P.","actual","","A+B+ADJUDICATOR","RESOLVED"
"2026-08-22.2","SRC607","89188919c2905e70708febd40bfdf0e406a89a69abccd46310a15a437ac6ec7a","Subscription","05-fund-legal-docs","SECONDARY","ADJUDICATED","subscription_reference","41","FORM","B. SUBSCRIPTION AGREEMENT","IN WITNESS WHEREOF","as of this 11 day of July, 2014","","1","manager","Lubert-Adler Group VII, L.P.","","","","","","","","","","","","","","","","","execution_date","as of this 11 day of July, 2014","","","as ofthisllday of , 201 and the Purchaser is hereby admitted to the Fund or a Parallel Fund as a Limited Partner.","actual","IMAGE_ONLY: the completed values are read from page-041.png; the TXT for this page is OCR of a scan and garbles them.","A+B+ADJUDICATOR","RESOLVED"
"2026-08-22.2","SRC607","89188919c2905e70708febd40bfdf0e406a89a69abccd46310a15a437ac6ec7a","Subscription","05-fund-legal-docs","SECONDARY","ADJUDICATED","subscription_reference","41","FORM","B. SUBSCRIPTION AGREEMENT","IN WITNESS WHEREOF","Date","","2","investor","Commonwealth of Pennsylvania State Employees' Retirement System","","","","","","","","","","","","","","","","","execution_date","6/25/14","","","Title: Chairman Date Date 0125114","actual","IMAGE_ONLY: the completed values are read from page-041.png; the TXT for this page is OCR of a scan and garbles them.","A+B+ADJUDICATOR","RESOLVED"
"2026-08-22.2","SRC607","89188919c2905e70708febd40bfdf0e406a89a69abccd46310a15a437ac6ec7a","Subscription","05-fund-legal-docs","SECONDARY","ADJUDICATED","subscription_reference","41","FORM","B. SUBSCRIPTION AGREEMENT","IN WITNESS WHEREOF","Lubert-Adler Group VII, L.P.","","1","manager","Lubert-Adler Group VII, L.P.","","","","","","","","","","","","","","","","","general_partner","Lubert-Adler Group VII, L.P.","","","Lubert-Adler Group VIl, L.P. By: Lubert-Adler Group VII, LLC, its general partner","actual","IMAGE_ONLY: the completed values are read from page-041.png; the TXT for this page is OCR of a scan and garbles them.","A+B+ADJUDICATOR","RESOLVED"
"2026-08-22.2","SRC607","89188919c2905e70708febd40bfdf0e406a89a69abccd46310a15a437ac6ec7a","Subscription","05-fund-legal-docs","SECONDARY","ADJUDICATED","subscription_reference","41","FORM","B. SUBSCRIPTION AGREEMENT","IN WITNESS WHEREOF","The foregoing subscription is accepted by Lubert-Adler Group VII, L.P.","","1","investor","Commonwealth of Pennsylvania State Employees' Retirement System","","","","","","","","","","","","","","","","","accepted_commitment","Twenty-five million Dollars ($25,000,000)","","as of this 11 day of July, 2014","The foregoing subscription is accepted by Lubert-Adler Group VII, L.P. as to Thwtybemillri Dollars ($2-51000, 000","actual","IMAGE_ONLY: the completed values are read from page-041.png; the TXT for this page is OCR of a scan and garbles them.","A+B+ADJUDICATOR","RESOLVED"
"2026-08-22.2","SRC607","89188919c2905e70708febd40bfdf0e406a89a69abccd46310a15a437ac6ec7a","Subscription","05-fund-legal-docs","SECONDARY","ADJUDICATED","subscription_reference","41","FORM","B. SUBSCRIPTION AGREEMENT","IN WITNESS WHEREOF","U.S. Dollar amount of Interests purchased","","1","investor","Commonwealth of Pennsylvania State Employees' Retirement System","","","","","","","","","","","","","","","","","requested_commitment","Twenty-five million Dollars ($25,000,000)","","","U.S. Dollar amount of Interests purchased: Twenty-five million Dollars ($ 25.000.000","actual","IMAGE_ONLY: the completed values are read from page-041.png; the TXT for this page is OCR of a scan and garbles them.","A+B+ADJUDICATOR","RESOLVED"
"2026-08-22.2","SRC607","89188919c2905e70708febd40bfdf0e406a89a69abccd46310a15a437ac6ec7a","Subscription","05-fund-legal-docs","SECONDARY","ADJUDICATED","subscription_reference","43","FORM","B. SUBSCRIPTION AGREEMENT","IN WITNESS WHEREOF","as of this 11 day of July, 2014","","1","manager","Lubert-Adler Group VII, L.P.","","","","","","","","","","","","","","","","","execution_date","as of this 11 day of July, 2014","","","as ,201 and the Purchaser is hereby admitted to the unor a Parallel Fund as a Limited Partner.","actual","IMAGE_ONLY: the completed values are read from page-043.png; the TXT for this page is OCR of a scan and garbles them. This page is the document's own duplicate signature page: page 42 prints the divider 'DUPLICATE SIGNATURE PAGE FOR SUBSCRIPTION AGREEMENT', and page 2 instructs that there are two copies of the signature page, both to be completed and signed. Its five facts repeat page 41's and are kept because the page is printed and executed, not because they are new.","A+B+ADJUDICATOR","RESOLVED"
"2026-08-22.2","SRC607","89188919c2905e70708febd40bfdf0e406a89a69abccd46310a15a437ac6ec7a","Subscription","05-fund-legal-docs","SECONDARY","ADJUDICATED","subscription_reference","43","FORM","B. SUBSCRIPTION AGREEMENT","IN WITNESS WHEREOF","Date","","2","investor","Commonwealth of Pennsylvania State Employees' Retirement System","","","","","","","","","","","","","","","","","execution_date","6/25/14","","","Title: Chairman Date 0125114","actual","IMAGE_ONLY: the completed values are read from page-043.png; the TXT for this page is OCR of a scan and garbles them. This page is the document's own duplicate signature page: page 42 prints the divider 'DUPLICATE SIGNATURE PAGE FOR SUBSCRIPTION AGREEMENT', and page 2 instructs that there are two copies of the signature page, both to be completed and signed. Its five facts repeat page 41's and are kept because the page is printed and executed, not because they are new.","A+B+ADJUDICATOR","RESOLVED"
"2026-08-22.2","SRC607","89188919c2905e70708febd40bfdf0e406a89a69abccd46310a15a437ac6ec7a","Subscription","05-fund-legal-docs","SECONDARY","ADJUDICATED","subscription_reference","43","FORM","B. SUBSCRIPTION AGREEMENT","IN WITNESS WHEREOF","Lubert-Adler Group VII, L.P.","","1","manager","Lubert-Adler Group VII, L.P.","","","","","","","","","","","","","","","","","general_partner","Lubert-Adler Group VII, L.P.","","","Lubert-Adler Group VII, L.P. By: Lubert-Adler Group VII, LLC, its general partner","actual","IMAGE_ONLY: the completed values are read from page-043.png; the TXT for this page is OCR of a scan and garbles them. This page is the document's own duplicate signature page: page 42 prints the divider 'DUPLICATE SIGNATURE PAGE FOR SUBSCRIPTION AGREEMENT', and page 2 instructs that there are two copies of the signature page, both to be completed and signed. Its five facts repeat page 41's and are kept because the page is printed and executed, not because they are new.","A+B+ADJUDICATOR","RESOLVED"
"2026-08-22.2","SRC607","89188919c2905e70708febd40bfdf0e406a89a69abccd46310a15a437ac6ec7a","Subscription","05-fund-legal-docs","SECONDARY","ADJUDICATED","subscription_reference","43","FORM","B. SUBSCRIPTION AGREEMENT","IN WITNESS WHEREOF","The foregoing subscription is accepted by Lubert-Adler Group VII, L.P.","","1","investor","Commonwealth of Pennsylvania State Employees' Retirement System","","","","","","","","","","","","","","","","","accepted_commitment","Twenty-five million Dollars ($25,000,000)","","as of this 11 day of July, 2014","foregoing subscription is accepted by Lubert-Adler Group VII, L.P. as to milri Dollars ($2-51000, 000","actual","IMAGE_ONLY: the completed values are read from page-043.png; the TXT for this page is OCR of a scan and garbles them. This page is the document's own duplicate signature page: page 42 prints the divider 'DUPLICATE SIGNATURE PAGE FOR SUBSCRIPTION AGREEMENT', and page 2 instructs that there are two copies of the signature page, both to be completed and signed. Its five facts repeat page 41's and are kept because the page is printed and executed, not because they are new.","A+B+ADJUDICATOR","RESOLVED"
"2026-08-22.2","SRC607","89188919c2905e70708febd40bfdf0e406a89a69abccd46310a15a437ac6ec7a","Subscription","05-fund-legal-docs","SECONDARY","ADJUDICATED","subscription_reference","43","FORM","B. SUBSCRIPTION AGREEMENT","IN WITNESS WHEREOF","U.S. Dollar amount of Interests purchased","","1","investor","Commonwealth of Pennsylvania State Employees' Retirement System","","","","","","","","","","","","","","","","","requested_commitment","Twenty-five million Dollars ($25,000,000)","","","U.S. Dollar amount of Interests purchased: Twenty-five million Dollars ($ 25.000.000","actual","IMAGE_ONLY: the completed values are read from page-043.png; the TXT for this page is OCR of a scan and garbles them. This page is the document's own duplicate signature page: page 42 prints the divider 'DUPLICATE SIGNATURE PAGE FOR SUBSCRIPTION AGREEMENT', and page 2 instructs that there are two copies of the signature page, both to be completed and signed. Its five facts repeat page 41's and are kept because the page is printed and executed, not because they are new.","A+B+ADJUDICATOR","RESOLVED"
"2026-08-22.2","SRC612","9aaf853a1b3ceefddf659360e76652dacf8b306e7676e9b9b5350737b1c5f921","LPA","05-fund-legal-docs","CORE","ADJUDICATED","document_context","1","DOCUMENT","MANAGEMENT AGREEMENT FOR REAL ASSET PORTFOLIO MANAGEMENT IN PUBLICLY TRADED MASTER LIMITED PARTNERSHIP SECURITIES","","DOCUMENT","","1","document","MANAGEMENT AGREEMENT FOR REAL ASSET PORTFOLIO MANAGEMENT IN PUBLICLY TRADED MASTER LIMITED PARTNERSHIP SECURITIES","Real Asset","Publicly Traded Master Limited Partnership Securities","","Harvest Fund Advisors LLC","COMMONWEALTH OF PENNSYLVANIA STATE EMPLOYEES' RETIREMENT SYSTEM","","","","","April 15, 2013","","","","","","","","","","","MANAGEMENT AGREEMENT FOR REAL ASSET","actual","IMAGE_ONLY: the execution date is a handwritten fill-in read from page-001.png; the TXT renders it '20l~'.","A+B+ADJUDICATOR","RESOLVED"
"2026-08-22.2","SRC612","9aaf853a1b3ceefddf659360e76652dacf8b306e7676e9b9b5350737b1c5f921","LPA","05-fund-legal-docs","CORE","ADJUDICATED","legal_term","1","NARRATIVE","WITNESSETH:","","WHEREAS","","1","portfolio","Pennsylvania State Employees' Retirement Fund","","","","","","","","","","","","","","","","","governing_law","WHEREAS, pursuant to Title 71, Sections 5101, et seq. of the Pennsylvania Consolidated Statutes (the ""Retirement Code"") and specifically Section 5931(a) thereof, SERS' Board has exclusive control and management of the Pennsylvania State Employees' Retirement Fund (herein the ""Fund""), with full power to invest the same, subject to terms and conditions imposed by law","","","with full power to invest the same, subject to terms and conditions imposed by law; and","actual","Post-extraction identity review classified the printed label at its source grain; the literal label remains in source_row_label and evidence_quote.","A+B+ADJUDICATOR","RESOLVED"
"2026-08-22.2","SRC612","9aaf853a1b3ceefddf659360e76652dacf8b306e7676e9b9b5350737b1c5f921","LPA","05-fund-legal-docs","CORE","ADJUDICATED","legal_clause","3","NARRATIVE","3. MANAGER's Services","","(e) Reports","","1","clause_party","MANAGER","","","","","","","","","","","","","","","","","reporting","MANAGER shall furnish to SERS, or others, as SERS shall more specifically direct in writing hereafter, periodic reports on the status, composition, and performance of the assets managed by MANAGER. MANAGER shall also cause to be forwarded to the State Treasurer's subcustodian, and upon request to the State Treasurer, copies of all trade confirmations promptly after execution of transactions for SERS' account.","","","direct in writing hereafter, periodic reports on the status, composition, and performance of the assets","actual","","A+B+ADJUDICATOR","RESOLVED"
"2026-08-22.2","SRC612","9aaf853a1b3ceefddf659360e76652dacf8b306e7676e9b9b5350737b1c5f921","LPA","05-fund-legal-docs","CORE","ADJUDICATED","legal_clause","4","NARRATIVE","3. MANAGER's Services","","(f) Information to be Furnished","","1","clause_party","MANAGER","","","","","","","","","","","","","","","","","reporting","MANAGER shall furnish to SERS upon request information concerning assets and asset classes in which MANAGER will invest for and on behalf of SERS, including, inter alia, identification of purchase or sale opportunities and an overview of specific market conditions.","","","information concerning assets and asset classes in which MANAGER will invest for and on behalf of","actual","","ADJUDICATOR","ADDED"
"2026-08-22.2","SRC612","9aaf853a1b3ceefddf659360e76652dacf8b306e7676e9b9b5350737b1c5f921","LPA","05-fund-legal-docs","CORE","ADJUDICATED","legal_clause","4","NARRATIVE","3. MANAGER's Services","","(i) Class Actions","","1","clause_party","MANAGER","","","","","","","","","","","","","","","","","notice","MANAGER shall notify SERS within five (5) business days of its receipt of a Notice of Pending Class Action or Notice of Class Action Settlement in which SERS is or may be eligible to participate. With regard to Notices of Class Action Settlement, MANAGER shall also provide the appropriate class action Claims Administrator with contact information for the Custodian, or such other party as SERS may designate from time to time, to enable such Claims Administrator to send any applicable materials directly to the Custodian.","","","MANAGER shall notify SERS within five (5) business days of its receipt","actual","","ADJUDICATOR","ADDED"
"2026-08-22.2","SRC612","9aaf853a1b3ceefddf659360e76652dacf8b306e7676e9b9b5350737b1c5f921","LPA","05-fund-legal-docs","CORE","ADJUDICATED","legal_term","5","NARRATIVE","5. Compensation","","5. Compensation","","1","clause_party","MANAGER","","","","","","","","","","","","","","","","","management_fee","REDACTED","","","5. Compensation.","redacted","Heading printed on page 5 with the body withheld; confirmed on page-005.png.","ADJUDICATOR","ADDED"
"2026-08-22.2","SRC612","9aaf853a1b3ceefddf659360e76652dacf8b306e7676e9b9b5350737b1c5f921","LPA","05-fund-legal-docs","CORE","ADJUDICATED","legal_clause","8","NARRATIVE","8. Representations of MANAGER","","(h) Notice of Change","","1","clause_party","MANAGER","","","","","","","","","","","","","","","","","notice","MANAGER shall promptly notify SERS in the event any of the foregoing acknowledgments, representations, warranties or agreements herein shall no longer be true.","","","MANAGER shall promptly notify SERS in the event any of the","actual","","A+B+ADJUDICATOR","RESOLVED"
"2026-08-22.2","SRC612","9aaf853a1b3ceefddf659360e76652dacf8b306e7676e9b9b5350737b1c5f921","LPA","05-fund-legal-docs","CORE","ADJUDICATED","legal_clause","8","NARRATIVE","10. Changes in MANAGER's Status","","10. Changes in MANAGER's Status","","1","clause_party","MANAGER","","","","","","","","","","","","","","","","","notice","In the event of any actual or proposed material change in MANAGER's status or event affecting MANAGER, including, without limitation, (a) change in or departure of directors, officers, partners, employees or Affiliates who exercise investment discretion over SERS' account, (b) material modification of corporate or partnership structure, (c) change in actual control or management of MANAGER, (d) material change in SEC requirements or other government or private registration, accreditation or licensing requirements affecting MANAGER, (e) alleged violations by MANAGER, any Affiliate, or any of their respective partners, directors, officers, or employees, of the Investment Advisers Act of 1940, as amended, the federal securities laws, comparable state law, or the law of any applicable foreign jurisdiction, (f) material deterioration in MANAGER's financial condition, including but not limited to the filing of a petition in bankruptcy, (g) MANAGER's awareness that its representations and warranties herein cease to be true, and (h) litigation alleging negligence, fraud or breach of fiduciary duty by MANAGER, any Affiliate, or any of their respective partners, directors, officers, or employees; MANAGER shall immediately notify SERS in writing.","","","10. Changes in MANAGER's Status. Inthe event of any actual orproposed material change","actual","","A+B+ADJUDICATOR","RESOLVED"
"2026-08-22.2","SRC612","9aaf853a1b3ceefddf659360e76652dacf8b306e7676e9b9b5350737b1c5f921","LPA","05-fund-legal-docs","CORE","ADJUDICATED","legal_clause","9","NARRATIVE","12. Confidentiality","","12. Confidentiality","","1","clause_party","MANAGER","","","","","","","","","","","","","","","","","confidentiality","All reports and documents relating to SERS and the Fund which MANAGER may prepare and deliver hereunder shall be confidential and shall become the property of SERS and shall not be published, circulated, or used in any manner by MANAGER without SERS' prior written approval, except as required by law. All information relating to SERS, whether in written or spoken form, that SERS provides to MANAGER or that is learned by MANAGER in connection with providing services to SERS, shall be confidential and shall not be disclosed, published, circulated, or used in any manner by MANAGER without SERS' prior written approval, except as required by law. MANAGER shall require the Affiliates, and its and the Affiliates' partners, directors, officers and employees to comply with the provisions of this Section 12 to the same extent as MANAGER.","","","12. Confidentiality. All reports and documents relating to SERS and the Fund which","actual","","A+B+ADJUDICATOR","RESOLVED"
"2026-08-22.2","SRC612","9aaf853a1b3ceefddf659360e76652dacf8b306e7676e9b9b5350737b1c5f921","LPA","05-fund-legal-docs","CORE","ADJUDICATED","legal_clause","10","NARRATIVE","14. Soft Dollars Report","","14. Soft Dollars Report","","1","clause_party","MANAGER","","","","","","","","","","","","","","","","","reporting","REDACTED","","","14. Soft Dollars Report.","redacted","Heading printed on page 10 with the body withheld; confirmed on page-010.png.","ADJUDICATOR","ADDED"
"2026-08-22.2","SRC612","9aaf853a1b3ceefddf659360e76652dacf8b306e7676e9b9b5350737b1c5f921","LPA","05-fund-legal-docs","CORE","ADJUDICATED","legal_clause","11","NARRATIVE","16. Assignment or Other Transfer","","16. Assignment or Other Transfer","","1","clause_party","MANAGER","","","","","","","","","","","","","","","","","transfer","The rights and obligations of MANAGER under this Agreement, including any interest herein or any claim arising hereunder, may not be assigned by it, in whole or in part, whether to any Affiliate of MANAGER or to any other party or parties, and whether voluntarily or by operation of law, and whether by sale, merger, division, consolidation, encumbrance or sale of stock, or otherwise, without the prior written consent of SERS, which consent SERS may grant or withhold in its sole and absolute discretion. Any assignment or attempted assignment in contravention of this Section 16 shall be null and void ab initio.","","","16. Assignment or Other Transfer. The rights and obligations of MANAGER under this","actual","","A+B+ADJUDICATOR","RESOLVED"
"2026-08-22.2","SRC612","9aaf853a1b3ceefddf659360e76652dacf8b306e7676e9b9b5350737b1c5f921","LPA","05-fund-legal-docs","CORE","ADJUDICATED","legal_clause","11","NARRATIVE","18. Maintenance, Preservation and Review of Records","","18. Maintenance, Preservation and Review of Records","","1","clause_party","MANAGER","","","","","","","","","","","","","","","","","reporting","MANAGER shall maintain such records, books and accounts pertaining to services and payments hereunder in accordance with generally accepted accounting principles consistently applied. All such records, books and accounts shall be maintained and preserved for the longer of: (a) the term of this Agreement, or (b) four (4) years after their creation. During such period, SERS or any other department or representative of the Commonwealth of Pennsylvania, from time to time upon reasonable notice, shall have the right to inspect, duplicate and audit such records, books and accounts for all purposes authorized and permitted by law.","","","18. Maintenance, Preservation and Review of Records. MANAGER shall maintain such","actual","","ADJUDICATOR","ADDED"
"2026-08-22.2","SRC612","9aaf853a1b3ceefddf659360e76652dacf8b306e7676e9b9b5350737b1c5f921","LPA","05-fund-legal-docs","CORE","ADJUDICATED","legal_clause","12","NARRATIVE","19. Notices","","19. Notices","","1","clause_party","MANAGER","","","","","","","","","","","","","","","","","notice","Any notice, demand, direction, instruction and other communications required or permitted hereunder shall be confirmed in writing and shall be sufficiently given for all purposes when sent (a) by certified or registered U.S. mail, postage prepaid, (b) by a nationally recognized courier service that maintains written verification of actual delivery, (c) by facsimile or email with a copy of the communication sent by first class U.S. mail, postage prepaid (provided that if the date of dispatch is not a business day, the facsimile or email shall be deemed to have been received at the opening of business of the addressee on the next business day) or, (d) by delivering the same in person to any party at the following addresses or such other addresses as may be designated from time to time by the parties.","","","19. Notices. Any notice, demand, direction, instruction and other communications required","actual","","A+B+ADJUDICATOR","RESOLVED"
"2026-08-22.2","SRC612","9aaf853a1b3ceefddf659360e76652dacf8b306e7676e9b9b5350737b1c5f921","LPA","05-fund-legal-docs","CORE","ADJUDICATED","legal_clause","13","NARRATIVE","20. Expiration and Termination","","(b) Termination","","1","clause_party","MANAGER","","","","","","","","","","","","","","","","","no_fault_termination","MANAGER may terminate this Agreement by furnishing written notice to SERS not less than one hundred twenty (120) days prior to the effective date of termination, and SERS reserves the right to terminate this Agreement at any time, for any reason, by furnishing written notice to MANAGER, whereupon, and in either of such events MANAGER's fees for services under this Agreement shall be prorated and paid, provided that notwithstanding any other provision of this Agreement, SERS may withhold such payment of fees until MANAGER has fully complied, in SERS' sole discretion, with subsection (d) below.","","","MANAGER may terminate this Agreement by furnishing written notice to","actual","","A+B+ADJUDICATOR","RESOLVED"
"2026-08-22.2","SRC612","9aaf853a1b3ceefddf659360e76652dacf8b306e7676e9b9b5350737b1c5f921","LPA","05-fund-legal-docs","CORE","ADJUDICATED","legal_clause","13","NARRATIVE","20. Expiration and Termination","","(d) Final Report","","1","clause_party","MANAGER","","","","","","","","","","","","","","","","","reporting","MANAGER shall furnish to SERS, within thirty (30) days of the effective date of termination or expiration of this Agreement or the voidance of this Agreement pursuant to Section 8(d), a final report on its investment activities and the status of the Fund's assets allocated to MANAGER in such form and format as requested by SERS' staff.","","","MANAGER shall furnish to SERS, within thirty (30) days ofthe effective","actual","","A+B+ADJUDICATOR","RESOLVED"
"2026-08-22.2","SRC612","9aaf853a1b3ceefddf659360e76652dacf8b306e7676e9b9b5350737b1c5f921","LPA","05-fund-legal-docs","CORE","ADJUDICATED","legal_term","13","NARRATIVE","20. Expiration and Termination","","(a) Expiration","","1","other_printed_scope","This Agreement","","","","","","","","","","","","","","","","","fund_term","This Agreement's initial term shall be five (5) years from the date first written above","","","This Agreement's initial term shall be five (5) years from the date first","actual","","A+B+ADJUDICATOR","RESOLVED"
"2026-08-22.2","SRC612","9aaf853a1b3ceefddf659360e76652dacf8b306e7676e9b9b5350737b1c5f921","LPA","05-fund-legal-docs","CORE","ADJUDICATED","legal_term","13","NARRATIVE","20. Expiration and Termination","","(a) Expiration","","2","other_printed_scope","This Agreement","","","","","","","","","","","","","","","","","term_extension","this Agreement shall continue automatically for subsequent five (5) year terms for each extension at SERS' option unless terminated earlier as provided herein.","","","written above and this Agreement shall continue automatically for subsequent five (5) year terms for","actual","","A+B+ADJUDICATOR","RESOLVED"
"2026-08-22.2","SRC612","9aaf853a1b3ceefddf659360e76652dacf8b306e7676e9b9b5350737b1c5f921","LPA","05-fund-legal-docs","CORE","ADJUDICATED","legal_clause","14","NARRATIVE","21. Applicable Law","","21. Applicable Law","","1","clause_party","MANAGER","","","","","","","","","","","","","","","","","governing_law","This Agreement shall be governed by and interpreted and enforced in accordance with the laws of the Commonwealth of Pennsylvania (without regard to any conflict of laws provisions) including Pennsylvania's Right-to-Know Law, 65 P.S. 67.101-3104. MANAGER hereby (a) consents to exclusive jurisdiction in any court of the Commonwealth of Pennsylvania, any federal courts in Pennsylvania, and the Board of Claims (""Board of Claims"") of the Commonwealth of Pennsylvania, hereby waiving any claim or defense that such forum is not convenient or proper and (b) agrees that any claim asserted against SERS shall only be brought before and subject to the exclusive jurisdiction of the Board of Claims pursuant to Section 1721 et seq. of Title 62 of Pa. Statutes. MANAGER agrees that the Board of Claims and any such court shall have in personam jurisdiction over it, and consents to service of process in any manner authorized by Pennsylvania law.","","","21. Applicable Law. This Agreement shall be governed by and interpreted and enforced in","actual","","A+B+ADJUDICATOR","RESOLVED"
"2026-08-22.2","SRC612","9aaf853a1b3ceefddf659360e76652dacf8b306e7676e9b9b5350737b1c5f921","LPA","05-fund-legal-docs","CORE","ADJUDICATED","legal_clause","25","NARRATIVE","D. Investment Advisors","","3.","","1","service_provider","public markets investment advisors","","","","","","","","","","","","","","","","","reporting","To report to the Board at least quarterly through the Investment Office, with the exact frequency and format of reporting to be determined by the Investment Office, on the composition and relative performance of the investments in their designated portfolios; the economic and investment outlook for the near and long term; significant changes in the portfolio during the preceding period; and the reasons for any significant differences between the performance of their portfolios and the appropriate market indices or metrics.","","","3. To report to the Board at least quarterly through the Investment Office, with the exact","actual","","A+B+ADJUDICATOR","RESOLVED"
"2026-08-22.2","SRC612","9aaf853a1b3ceefddf659360e76652dacf8b306e7676e9b9b5350737b1c5f921","LPA","05-fund-legal-docs","CORE","ADJUDICATED","legal_clause","40","NARRATIVE","I. TERM OF CONTRACT","","I. TERM OF CONTRACT","","1","other_printed_scope","Contract","","","","","","","","","","","","","","","","","fund_term","The term of the Contract shall commence on the Effective Date (as defined below) and shall end on the Expiration Date identified in the Contract, subject to the other provisions of the Contract.","","","The term of the Contract shall commence on the Effective Date (as defined below) and shall end on the Expiration Date","actual","","A+B+ADJUDICATOR","RESOLVED"
"2026-08-22.2","SRC612","9aaf853a1b3ceefddf659360e76652dacf8b306e7676e9b9b5350737b1c5f921","LPA","05-fund-legal-docs","CORE","ADJUDICATED","legal_clause","40","NARRATIVE","I. TERM OF CONTRACT","","I. TERM OF CONTRACT","","2","other_printed_scope","Contract","","","","","","","","","","","","","","","","","term_extension","The Commonwealth reserves the right, upon notice to the Contractor, to extend the term of the Contract for up to three (3) months upon the same terms and conditions. This will be utilized to prevent a lapse in Contract coverage and only for the time necessary, up to three (3) months, to enter into a new contract.","","","The Commonwealth reserves the right, upon notice to the Contractor, to extend the term of the Contract for up to three (3)","actual","","A+B+ADJUDICATOR","RESOLVED"
"2026-08-22.2","SRC612","9aaf853a1b3ceefddf659360e76652dacf8b306e7676e9b9b5350737b1c5f921","LPA","05-fund-legal-docs","CORE","ADJUDICATED","legal_clause","41","NARRATIVE","II. CONTRACTOR INTEGRITY PROVISIONS (August 2010)","","9.","","1","clause_party","Contractor","","","","","","","","","","","","","","","","","confidentiality","Contractor, its affiliates, agents and employees shall not disclose to others any information, documents, reports, data, or records provided to, or prepared by, Contractor under this contract without the prior written approval of the Commonwealth, except as required by the Pennsylvania Right-to-Know Law, 65 P.S. 67.101-3104, or other applicable law or as otherwise provided in this contract. Any information, documents, reports, data, or records secured by Contractor from the Commonwealth or a third party in connection with the performance of this contract shall be kept confidential unless disclosure of such information is: a. Approved in writing by the Commonwealth prior to its disclosure; or b. Directed by a court or other tribunal of competent jurisdiction unless the contract requires prior Commonwealth approval; or c. Required for compliance with federal or state securities laws or the requirements of national securities exchanges; or d. Necessary for purposes of Contractor's internal assessment and review; or e. Deemed necessary by Contractor in any action to enforce the provisions of this contract or to defend or prosecute claims by or against parties other than the Commonwealth; or f. Permitted by the valid authorization of a third party to whom the information, documents, reports, data, or records pertain; or g. Otherwise required by law.","","","9. Contractor, its affiliates, agents and employees shan not disclose to others any information, documents,","actual","","A+B+ADJUDICATOR","RESOLVED"
"2026-08-22.2","SRC612","9aaf853a1b3ceefddf659360e76652dacf8b306e7676e9b9b5350737b1c5f921","LPA","05-fund-legal-docs","CORE","ADJUDICATED","legal_clause","42","NARRATIVE","II. CONTRACTOR INTEGRITY PROVISIONS (August 2010)","","11.","","1","clause_party","Contractor","","","","","","","","","","","","","","","","","reporting","If this contract was awarded to Contractor on a non-bid basis, Contractor must, (as required by Section 1641 of the Pennsylvania Election Code) file a report of political contributions with the Secretary of the Commonwealth on or before February 15 of the next calendar year. The report must include an itemized list of all political contributions known to Contractor by virtue of the knowledge possessed by every officer, director, associate, partner, limited partner, or individual owner that has been made by: a. Any officer, director, associate, partner, limited partner, individual owner or members of the immediate family when the contributions exceed an aggregate of one thousand dollars ($1,000) by any individual during the preceding year; or b. Any employee or members of his immediate family whose political contribution exceeded one thousand dollars ($1,000) during the preceding year.","","","Ifthis contract was awarded to Contractor on anon-bid basis, Contractor must, (as required bySection 1641","actual","","A+B+ADJUDICATOR","RESOLVED"
"2026-08-22.2","SRC612","9aaf853a1b3ceefddf659360e76652dacf8b306e7676e9b9b5350737b1c5f921","LPA","05-fund-legal-docs","CORE","ADJUDICATED","legal_clause","42","NARRATIVE","II. CONTRACTOR INTEGRITY PROVISIONS (August 2010)","","13.","","1","clause_party","Contractor","","","","","","","","","","","","","","","","","notice","When Contractor has reason to believe that any breach of ethical standards as set forth in law, the Governor's Code of Conduct, or in these provisions has occurred or may occur, including but not limited to contact by a Commonwealth officer or employee which, if acted upon, would violate such ethical standards, Contractor shall immediately notify the Commonwealth contracting officer or Commonwealth Inspector General in writing.","","","Contractor shall immediately notify the Commonwealth contracting officer orCommonwealth Inspector General inwriting.","actual","","A+B+ADJUDICATOR","RESOLVED"
"2026-08-22.2","SRC612","9aaf853a1b3ceefddf659360e76652dacf8b306e7676e9b9b5350737b1c5f921","LPA","05-fund-legal-docs","CORE","ADJUDICATED","legal_term","43","NARRATIVE","II. CONTRACTOR INTEGRITY PROVISIONS (August 2010)","","a.","","1","other_printed_scope","Confidential information","","","","","","","","","","","","","","","","","confidentiality","""Confidential information"" means information that a) is not already in the public domain; b) is not available to the public upon request; c) is not or does not become generally known to Contractor from a third party without an obligation to maintain its confidentiality; d) has not become generally known to the public through an act or omission of Contractor; or e) has not been independently developed by Contractor without the use of confidential information of the Commonwealth.","","","a. ""Confidential information"" means information that a) is not already in the public domain; b) isnot available","actual","","A+B+ADJUDICATOR","RESOLVED"
"2026-08-22.2","SRC612","9aaf853a1b3ceefddf659360e76652dacf8b306e7676e9b9b5350737b1c5f921","LPA","05-fund-legal-docs","CORE","ADJUDICATED","legal_clause","44","NARRATIVE","IV. CONTRACTOR RESPONSIBILITY PROVISIONS (October 2006)","","b.","","1","clause_party","Contractor","","","","","","","","","","","","","","","","","tax","The Contractor also certifies, that as of the date of its execution of this Bid/Contract, it has no tax liabilities or other Commonwealth obligations.","","","The Contractor also certifies, that as of the date of its execution of this Bid/Contract, it has no tax liabilities","actual","","A+B+ADJUDICATOR","RESOLVED"
"2026-08-22.2","SRC612","9aaf853a1b3ceefddf659360e76652dacf8b306e7676e9b9b5350737b1c5f921","LPA","05-fund-legal-docs","CORE","ADJUDICATED","legal_clause","45","NARRATIVE","IV. CONTRACTOR RESPONSIBILITY PROVISIONS (October 2006)","","c.","","1","clause_party","Contractor","","","","","","","","","","","","","","","","","notice","The Contractor's obligations pursuant to these provisions are ongoing from and after the effective date of the contract through the termination date thereof. Accordingly, the Contractor shall have an obligation to inform the Commonwealth if, at any time during the term of the Contract, it becomes delinquent in the payment of taxes, or other Commonwealth obligations, or if it or any of its subcontractors are suspended or debarred by the Commonwealth, the federal government, or any other state or governmental entity. Such notification shall be made within 15 days of the date of suspension or debarment.","","","The Contractor shall have anobligationto inform the Commonwealth.","actual","","A+B+ADJUDICATOR","RESOLVED"
"2026-08-22.2","SRC612","9aaf853a1b3ceefddf659360e76652dacf8b306e7676e9b9b5350737b1c5f921","LPA","05-fund-legal-docs","CORE","ADJUDICATED","legal_clause","45","NARRATIVE","V. ASSIGNMENT OF ANTITRUST CLAIMS (October 2006)","","V. ASSIGNMENT OF ANTITRUST CLAIMS (October 2006)","","1","clause_party","Contractor","","","","","","","","","","","","","","","","","transfer","The Contractor and the Commonwealth recognize that in actual economic practice, overcharges by Contractor's suppliers resulting from violations of state or federal antitrust laws are in fact borne by the Commonwealth. As part of the consideration for the award of the Contract, and intending to be legally bound, Contractor assigns to the Commonwealth all right, title and interest in and to any claims the Contractor now has, or may acquire, under state or federal antitrust laws relating to the products or services which are the subject of this Contract.","","","intending to be legally bound, Contractor assigns to the.Commonwealth all right, title and","actual","","A+B+ADJUDICATOR","RESOLVED"
"2026-08-22.2","SRC612","9aaf853a1b3ceefddf659360e76652dacf8b306e7676e9b9b5350737b1c5f921","LPA","05-fund-legal-docs","CORE","ADJUDICATED","legal_clause","45","NARRATIVE","VII. CERTIFICATION OF TAXPAYER IDENTIFICATION NUMBER","","VII. CERTIFICATION OF TAXPAYER IDENTIFICATION NUMBER","","1","clause_party","Contractor","","","","","","","","","","","","","","","","","tax","Execution of this Contract constitutes certification by the Contractor that: A. The number appearing on the Contract is the Contractor's correct taxpayer identification number (if no number is present, Contractor is waiting for a number to be issued) and, B. Contractor is not subject to backup withholding because: (i) Contractor is exempt from backup withholding, or (ii) Contractor has not been notified by the I.R.S. that it is subject to backup withholding as result of a failure to report all interest or dividends, or (iii) the I.R.S. has notified Contractor that it is no longer subject to backup withholding.","","","Execution ofthis Contract constitutes certification bythe Contractor that:","actual","","A+B+ADJUDICATOR","RESOLVED"
