"file_id","fund_id","fund_name_raw","fund_name_standardized","manager_id","manager_name","lp_name","share_class","perspective","source_page","context_version","context_source"
"SRC029","FUND_0001","Incline Equity Partners III (PSERS), L.P.","Incline Equity Partners III (PSERS), L.P.","","Incline Equity Partners","Pennsylvania Public School Employees' Retirement System (PSERS)","","lp_position","1","2026-08-17.r1-consolidated","ledgers/working/round01/TEST-30/r1-consolidated.csv"
"SRC029","FUND_0002","Milestone Partners II, L.P.","Milestone Partners II, L.P.","","Milestone Partners","Pennsylvania Public School Employees' Retirement System (PSERS)","","lp_position","3","2026-08-17.r1-consolidated","ledgers/working/round01/TEST-30/r1-consolidated.csv"
"SRC029","FUND_0003","New Mountain Partners IV, L.P.","New Mountain Partners IV, L.P.","","New Mountain Capital, LLC","Pennsylvania Public School Employees' Retirement System (PSERS)","","lp_position","5","2026-08-17.r1-consolidated","ledgers/working/round01/TEST-30/r1-consolidated.csv"
"SRC034","FUND_0112","Versa Capital Fund II, L.P.","Versa Capital Fund II, L.P.","","Versa Capital Management","Pennsylvania Public School Employees' Retirement System (PSERS)","","lp_position","1","2026-08-17.r1-consolidated","ledgers/working/round01/TEST-30/r1-consolidated.csv"
"SRC034","FUND_0253","VERSA CAPITAL FUND II-A, L.P.","VERSA CAPITAL FUND II-A, L.P.","","Versa Capital Management","","","fund_total","1","2026-08-17.r1-consolidated","ledgers/working/round01/TEST-30/r1-consolidated.csv"
"SRC035","FUND_0004","Adventure Fund I, L.P.","Adventure Fund I, L.P.","","","Oregon Growth Account Private Equity Program","","lp_position","1","2026-08-17.r1-consolidated","ledgers/working/round01/TEST-30/r1-consolidated.csv"
"SRC035","FUND_0005","Builders VC Fund II","Builders VC Fund II","","Builders VC","Oregon Growth Account Private Equity Program","","lp_position","3","2026-08-17.r1-consolidated","ledgers/working/round01/TEST-30/r1-consolidated.csv"
"SRC035","FUND_0006","Cascade Angels Fund 2016, L.P.","Cascade Angels Fund 2016, L.P.","","44North Ventures","Oregon Growth Account Private Equity Program","","lp_position","2","2026-08-17.r1-consolidated","ledgers/working/round01/TEST-30/r1-consolidated.csv"
"SRC035","FUND_0007","Cascade Angels Fund V, LLC","Cascade Angels Fund V, LLC","","44North Ventures","Oregon Growth Account Private Equity Program","","lp_position","3","2026-08-17.r1-consolidated","ledgers/working/round01/TEST-30/r1-consolidated.csv"
"SRC035","FUND_0008","Cascade Seed Fund I, LLC","Cascade Seed Fund I, LLC","","44North Ventures","Oregon Growth Account Private Equity Program","","lp_position","3","2026-08-17.r1-consolidated","ledgers/working/round01/TEST-30/r1-consolidated.csv"
"SRC035","FUND_0009","Cascade Seed Fund II","Cascade Seed Fund II","","44North Ventures","Oregon Growth Account Private Equity Program","","lp_position","3","2026-08-17.r1-consolidated","ledgers/working/round01/TEST-30/r1-consolidated.csv"
"SRC035","FUND_0010","DFJ Frontier Fund II, L.P.","DFJ Frontier Fund II, L.P.","","DFJ Frontier","Oregon Growth Account Private Equity Program","","lp_position","1","2026-08-17.r1-consolidated","ledgers/working/round01/TEST-30/r1-consolidated.csv"
"SRC035","FUND_0011","Ecotrust Forests II, LLC","Ecotrust Forests II, LLC","","EFM Investments & Advisory","Oregon Growth Account Private Equity Program","","lp_position","2","2026-08-17.r1-consolidated","ledgers/working/round01/TEST-30/r1-consolidated.csv"
"SRC035","FUND_0012","Elevate Capital Fund II","Elevate Capital Fund II","","Elevate Capital","Oregon Growth Account Private Equity Program","","lp_position","3","2026-08-17.r1-consolidated","ledgers/working/round01/TEST-30/r1-consolidated.csv"
"SRC035","FUND_0013","Endeavour Capital Fund III, L.P.","Endeavour Capital Fund III, L.P.","","Endeavour Capital","Oregon Growth Account Private Equity Program","","lp_position","1","2026-08-17.r1-consolidated","ledgers/working/round01/TEST-30/r1-consolidated.csv"
"SRC035","FUND_0014","Enlightened Hospitality Investments, L.P.","Enlightened Hospitality Investments, L.P.","","Enlightened Hospitality Investments","Oregon Growth Account Private Equity Program","","lp_position","2","2026-08-17.r1-consolidated","ledgers/working/round01/TEST-30/r1-consolidated.csv"
"SRC035","FUND_0015","Epic Venture Fund IV, L.P.","Epic Venture Fund IV, L.P.","","EPIC Ventures","Oregon Growth Account Private Equity Program","","lp_position","1","2026-08-17.r1-consolidated","ledgers/working/round01/TEST-30/r1-consolidated.csv"
"SRC035","FUND_0016","Epic Venture Fund V, L.P.","Epic Venture Fund V, L.P.","","EPIC Ventures","Oregon Growth Account Private Equity Program","","lp_position","2","2026-08-17.r1-consolidated","ledgers/working/round01/TEST-30/r1-consolidated.csv"
"SRC035","FUND_0017","Epic Ventures VI, L.P.","Epic Ventures VI, L.P.","","EPIC Ventures","Oregon Growth Account Private Equity Program","","lp_position","3","2026-08-17.r1-consolidated","ledgers/working/round01/TEST-30/r1-consolidated.csv"
"SRC035","FUND_0018","Fluke Venture Partners II, L.P.","Fluke Venture Partners II, L.P.","","Fluke Venture Partners","Oregon Growth Account Private Equity Program","","lp_position","1","2026-08-17.r1-consolidated","ledgers/working/round01/TEST-30/r1-consolidated.csv"
"SRC035","FUND_0019","Founders' Co-op III, L.P.","Founders' Co-op III, L.P.","","Founders' Co-op","Oregon Growth Account Private Equity Program","","lp_position","2","2026-08-17.r1-consolidated","ledgers/working/round01/TEST-30/r1-consolidated.csv"
"SRC035","FUND_0020","Founders’ Co-op IV, L.P.","Founders’ Co-op IV, L.P.","","Founders' Co-op","Oregon Growth Account Private Equity Program","","lp_position","3","2026-08-17.r1-consolidated","ledgers/working/round01/TEST-30/r1-consolidated.csv"
"SRC035","FUND_0021","Goode Partners Consumer Fund III, L.P.","Goode Partners Consumer Fund III, L.P.","","Goode Partners LLC","Oregon Growth Account Private Equity Program","","lp_position","2","2026-08-17.r1-consolidated","ledgers/working/round01/TEST-30/r1-consolidated.csv"
"SRC035","FUND_0022","Grain Communications Opportunity Fund III, L.P.","Grain Communications Opportunity Fund III, L.P.","","Grain Management","Oregon Growth Account Private Equity Program","","lp_position","3","2026-08-17.r1-consolidated","ledgers/working/round01/TEST-30/r1-consolidated.csv"
"SRC035","FUND_0023","Homestead Capital USA Farmland Fund III, L.P.","Homestead Capital USA Farmland Fund III, L.P.","","Homestead Capital USA, LLC","Oregon Growth Account Private Equity Program","","lp_position","3","2026-08-17.r1-consolidated","ledgers/working/round01/TEST-30/r1-consolidated.csv"
"SRC035","FUND_0024","K1 Special Opportunities Fund, L.P.","K1 Special Opportunities Fund, L.P.","","K1 Investment Management, LLC","Oregon Growth Account Private Equity Program","","lp_position","2","2026-08-17.r1-consolidated","ledgers/working/round01/TEST-30/r1-consolidated.csv"
"SRC035","FUND_0025","K4 Private Investors, L.P.","K4 Private Investors, L.P.","","K1 Investment Management, LLC","Oregon Growth Account Private Equity Program","","lp_position","2","2026-08-17.r1-consolidated","ledgers/working/round01/TEST-30/r1-consolidated.csv"
"SRC035","FUND_0026","K5 Private Investors, L.P.","K5 Private Investors, L.P.","","K1 Investment Management, LLC","Oregon Growth Account Private Equity Program","","lp_position","3","2026-08-17.r1-consolidated","ledgers/working/round01/TEST-30/r1-consolidated.csv"
"SRC035","FUND_0027","Madrona Venture Fund III, L.P.","Madrona Venture Fund III, L.P.","","Madrona Venture Group","Oregon Growth Account Private Equity Program","","lp_position","1","2026-08-17.r1-consolidated","ledgers/working/round01/TEST-30/r1-consolidated.csv"
"SRC035","FUND_0028","Montlake Capital II, L.P.","Montlake Capital II, L.P.","","Montlake Capital","Oregon Growth Account Private Equity Program","","lp_position","1","2026-08-17.r1-consolidated","ledgers/working/round01/TEST-30/r1-consolidated.csv"
"SRC035","FUND_0029","Northwest Technology Ventures, L.P.","Northwest Technology Ventures, L.P.","","Northwest Technology Ventures","Oregon Growth Account Private Equity Program","","lp_position","1","2026-08-17.r1-consolidated","ledgers/working/round01/TEST-30/r1-consolidated.csv"
"SRC035","FUND_0030","Oregon Angel Conferences 2011","Oregon Angel Conferences 2011","","Oregon Entrepreneurs Network","Oregon Growth Account Private Equity Program","","lp_position","1","2026-08-17.r1-consolidated","ledgers/working/round01/TEST-30/r1-consolidated.csv"
"SRC035","FUND_0031","Oregon Angel Conferences 2012","Oregon Angel Conferences 2012","","Oregon Entrepreneurs Network","Oregon Growth Account Private Equity Program","","lp_position","2","2026-08-17.r1-consolidated","ledgers/working/round01/TEST-30/r1-consolidated.csv"
"SRC035","FUND_0032","Oregon Angel Conferences 2013","Oregon Angel Conferences 2013","","Oregon Entrepreneurs Network","Oregon Growth Account Private Equity Program","","lp_position","2","2026-08-17.r1-consolidated","ledgers/working/round01/TEST-30/r1-consolidated.csv"
"SRC035","FUND_0033","Oregon Angel Conferences 2014","Oregon Angel Conferences 2014","","Oregon Entrepreneurs Network","Oregon Growth Account Private Equity Program","","lp_position","2","2026-08-17.r1-consolidated","ledgers/working/round01/TEST-30/r1-consolidated.csv"
"SRC035","FUND_0034","Oregon Angel Fund 2008, LLC","Oregon Angel Fund 2008, LLC","","Oregon Venture Fund","Oregon Growth Account Private Equity Program","","lp_position","1","2026-08-17.r1-consolidated","ledgers/working/round01/TEST-30/r1-consolidated.csv"
"SRC035","FUND_0035","Oregon Angel Fund 2009, LLC","Oregon Angel Fund 2009, LLC","","Oregon Venture Fund","Oregon Growth Account Private Equity Program","","lp_position","1","2026-08-17.r1-consolidated","ledgers/working/round01/TEST-30/r1-consolidated.csv"
"SRC035","FUND_0036","Oregon Angel Fund 2010, LLC","Oregon Angel Fund 2010, LLC","","Oregon Venture Fund","Oregon Growth Account Private Equity Program","","lp_position","1","2026-08-17.r1-consolidated","ledgers/working/round01/TEST-30/r1-consolidated.csv"
"SRC035","FUND_0037","Oregon Angel Fund 2011, LLC","Oregon Angel Fund 2011, LLC","","Oregon Venture Fund","Oregon Growth Account Private Equity Program","","lp_position","1","2026-08-17.r1-consolidated","ledgers/working/round01/TEST-30/r1-consolidated.csv"
"SRC035","FUND_0038","Oregon Angel Fund 2012, LLC","Oregon Angel Fund 2012, LLC","","Oregon Venture Fund","Oregon Growth Account Private Equity Program","","lp_position","2","2026-08-17.r1-consolidated","ledgers/working/round01/TEST-30/r1-consolidated.csv"
"SRC035","FUND_0039","Oregon Angel Fund 2013, LLC","Oregon Angel Fund 2013, LLC","","Oregon Venture Fund","Oregon Growth Account Private Equity Program","","lp_position","2","2026-08-17.r1-consolidated","ledgers/working/round01/TEST-30/r1-consolidated.csv"
"SRC035","FUND_0040","Oregon Angel Fund 2014, LLC","Oregon Angel Fund 2014, LLC","","Oregon Venture Fund","Oregon Growth Account Private Equity Program","","lp_position","2","2026-08-17.r1-consolidated","ledgers/working/round01/TEST-30/r1-consolidated.csv"
"SRC035","FUND_0041","Oregon Angel Fund 2015, LLC","Oregon Angel Fund 2015, LLC","","Oregon Venture Fund","Oregon Growth Account Private Equity Program","","lp_position","2","2026-08-17.r1-consolidated","ledgers/working/round01/TEST-30/r1-consolidated.csv"
"SRC035","FUND_0042","Oregon Angel Fund 2016, LLC","Oregon Angel Fund 2016, LLC","","Oregon Venture Fund","Oregon Growth Account Private Equity Program","","lp_position","2","2026-08-17.r1-consolidated","ledgers/working/round01/TEST-30/r1-consolidated.csv"
"SRC035","FUND_0043","Oregon Angel Fund 2017, LLC","Oregon Angel Fund 2017, LLC","","Oregon Venture Fund","Oregon Growth Account Private Equity Program","","lp_position","2","2026-08-17.r1-consolidated","ledgers/working/round01/TEST-30/r1-consolidated.csv"
"SRC035","FUND_0044","Oregon Venture Fund XII, LLC","Oregon Venture Fund XII, LLC","","Oregon Venture Fund","Oregon Growth Account Private Equity Program","","lp_position","3","2026-08-17.r1-consolidated","ledgers/working/round01/TEST-30/r1-consolidated.csv"
"SRC035","FUND_0045","OVP Venture Partners VII, L.P.","OVP Venture Partners VII, L.P.","","OVP Venture Partners","Oregon Growth Account Private Equity Program","","lp_position","1","2026-08-17.r1-consolidated","ledgers/working/round01/TEST-30/r1-consolidated.csv"
"SRC035","FUND_0046","Phoenix Venture Partners II, L.P.","Phoenix Venture Partners II, L.P.","","Phoenix Venture Partners","Oregon Growth Account Private Equity Program","","lp_position","2","2026-08-17.r1-consolidated","ledgers/working/round01/TEST-30/r1-consolidated.csv"
"SRC035","FUND_0047","Phoenix Venture Partners III, L.P.","Phoenix Venture Partners III, L.P.","","","Oregon Growth Account Private Equity Program","","lp_position","3","2026-08-17.r1-consolidated","ledgers/working/round01/TEST-30/r1-consolidated.csv"
"SRC035","FUND_0048","Phoenix Venture Partners, L.P.","Phoenix Venture Partners, L.P.","","Phoenix Venture Partners","Oregon Growth Account Private Equity Program","","lp_position","1","2026-08-17.r1-consolidated","ledgers/working/round01/TEST-30/r1-consolidated.csv"
"SRC035","FUND_0049","Pioneer Square Ventures Fund II","Pioneer Square Ventures Fund II","","PSL Ventures","Oregon Growth Account Private Equity Program","","lp_position","3","2026-08-17.r1-consolidated","ledgers/working/round01/TEST-30/r1-consolidated.csv"
"SRC035","FUND_0050","Pivotal Investments Partners Fund I, L.P.","Pivotal Investments Partners Fund I, L.P.","","Pivotal Investments","Oregon Growth Account Private Equity Program","","lp_position","1","2026-08-17.r1-consolidated","ledgers/working/round01/TEST-30/r1-consolidated.csv"
"SRC035","FUND_0051","Portland Seed Fund I, L.P.","Portland Seed Fund I, L.P.","","Portland Seed Fund","Oregon Growth Account Private Equity Program","","lp_position","2","2026-08-17.r1-consolidated","ledgers/working/round01/TEST-30/r1-consolidated.csv"
"SRC035","FUND_0052","Portland Seed Fund II, L.P.","Portland Seed Fund II, L.P.","","Portland Seed Fund","Oregon Growth Account Private Equity Program","","lp_position","2","2026-08-17.r1-consolidated","ledgers/working/round01/TEST-30/r1-consolidated.csv"
"SRC035","FUND_0053","Portland Seed Fund III, L.P.","Portland Seed Fund III, L.P.","","Portland Seed Fund","Oregon Growth Account Private Equity Program","","lp_position","3","2026-08-17.r1-consolidated","ledgers/working/round01/TEST-30/r1-consolidated.csv"
"SRC035","FUND_0054","Portland Seed Fund III - Side Car, L.P.","Portland Seed Fund III - Side Car, L.P.","","Portland Seed Fund","Oregon Growth Account Private Equity Program","","lp_position","3","2026-08-17.r1-consolidated","ledgers/working/round01/TEST-30/r1-consolidated.csv"
"SRC035","FUND_0055","Rethink Impact Fund II","Rethink Impact Fund II","","Rethink Impact","Oregon Growth Account Private Equity Program","","lp_position","3","2026-08-17.r1-consolidated","ledgers/working/round01/TEST-30/r1-consolidated.csv"
"SRC035","FUND_0056","Riverlake Equity Partners I, L.P.","Riverlake Equity Partners I, L.P.","","Riverlake Partners","Oregon Growth Account Private Equity Program","","lp_position","1","2026-08-17.r1-consolidated","ledgers/working/round01/TEST-30/r1-consolidated.csv"
"SRC035","FUND_0057","Riverlake Equity Partners II, L.P.","Riverlake Equity Partners II, L.P.","","Riverlake Partners","Oregon Growth Account Private Equity Program","","lp_position","1","2026-08-17.r1-consolidated","ledgers/working/round01/TEST-30/r1-consolidated.csv"
"SRC035","FUND_0058","Seven Peaks Ventures Fund II, L.P.","Seven Peaks Ventures Fund II, L.P.","","Seven Peaks Ventures","Oregon Growth Account Private Equity Program","","lp_position","2","2026-08-17.r1-consolidated","ledgers/working/round01/TEST-30/r1-consolidated.csv"
"SRC035","FUND_0059","Seven Peaks Ventures Fund, L.P.","Seven Peaks Ventures Fund, L.P.","","Seven Peaks Ventures","Oregon Growth Account Private Equity Program","","lp_position","2","2026-08-17.r1-consolidated","ledgers/working/round01/TEST-30/r1-consolidated.csv"
"SRC035","FUND_0060","SmartForest Ventures I, L.P.","SmartForest Ventures I, L.P.","","SmartForest Ventures","Oregon Growth Account Private Equity Program","","lp_position","1","2026-08-17.r1-consolidated","ledgers/working/round01/TEST-30/r1-consolidated.csv"
"SRC035","FUND_0061","Stellex Capital Partners II","Stellex Capital Partners II","","Stellex Capital Management","Oregon Growth Account Private Equity Program","","lp_position","3","2026-08-17.r1-consolidated","ledgers/working/round01/TEST-30/r1-consolidated.csv"
"SRC035","FUND_0062","Tamarack Mezzanine Partners, L.P.","Tamarack Mezzanine Partners, L.P.","","Tamarack Capital Partners","Oregon Growth Account Private Equity Program","","lp_position","1","2026-08-17.r1-consolidated","ledgers/working/round01/TEST-30/r1-consolidated.csv"
"SRC035","FUND_0063","Timberline Annex Fund, L.P.","Timberline Annex Fund, L.P.","","Timberline Venture Partners","Oregon Growth Account Private Equity Program","","lp_position","1","2026-08-17.r1-consolidated","ledgers/working/round01/TEST-30/r1-consolidated.csv"
"SRC035","FUND_0064","Timberline Venture Partners, L.P.","Timberline Venture Partners, L.P.","","Timberline Venture Partners","Oregon Growth Account Private Equity Program","","lp_position","1","2026-08-17.r1-consolidated","ledgers/working/round01/TEST-30/r1-consolidated.csv"
"SRC035","FUND_0065","Tiverton AgriFinance II, L.P.","Tiverton AgriFinance II, L.P.","","Tiverton Advisors LLC","Oregon Growth Account Private Equity Program","","lp_position","3","2026-08-17.r1-consolidated","ledgers/working/round01/TEST-30/r1-consolidated.csv"
"SRC035","FUND_0066","TL Ventures VII, L.P.","TL Ventures VII, L.P.","","TL Ventures","Oregon Growth Account Private Equity Program","","lp_position","1","2026-08-17.r1-consolidated","ledgers/working/round01/TEST-30/r1-consolidated.csv"
"SRC035","FUND_0067","Updata Partners V, L.P.","Updata Partners V, L.P.","","Updata Partners","Oregon Growth Account Private Equity Program","","lp_position","2","2026-08-17.r1-consolidated","ledgers/working/round01/TEST-30/r1-consolidated.csv"
"SRC035","FUND_0068","Updata Partners VI, L.P.","Updata Partners VI, L.P.","","Updata Partners","Oregon Growth Account Private Equity Program","","lp_position","3","2026-08-17.r1-consolidated","ledgers/working/round01/TEST-30/r1-consolidated.csv"
"SRC035","FUND_0069","VamosVentures Fund I, L.P.","VamosVentures Fund I, L.P.","","VamosVentures","Oregon Growth Account Private Equity Program","","lp_position","3","2026-08-17.r1-consolidated","ledgers/working/round01/TEST-30/r1-consolidated.csv"
"SRC035","FUND_0070","VFC - Burnside Fund, L.P.","VFC - Burnside Fund, L.P.","","","Oregon Growth Account Private Equity Program","","lp_position","3","2026-08-17.r1-consolidated","ledgers/working/round01/TEST-30/r1-consolidated.csv"
"SRC035","FUND_0071","Voyager Capital Fund IV, L.P.","Voyager Capital Fund IV, L.P.","","Voyager Capital","Oregon Growth Account Private Equity Program","","lp_position","2","2026-08-17.r1-consolidated","ledgers/working/round01/TEST-30/r1-consolidated.csv"
"SRC035","FUND_0072","Voyager Capital Fund V, L.P.","Voyager Capital Fund V, L.P.","","Voyager Capital","Oregon Growth Account Private Equity Program","","lp_position","3","2026-08-17.r1-consolidated","ledgers/working/round01/TEST-30/r1-consolidated.csv"
"SRC035","FUND_0073","Women's VC Fund II, L.P.","Women's VC Fund II, L.P.","","","Oregon Growth Account Private Equity Program","","lp_position","2","2026-08-17.r1-consolidated","ledgers/working/round01/TEST-30/r1-consolidated.csv"
"SRC035","FUND_0074","Women's Venture Capital Fund, L.P.","Women's Venture Capital Fund, L.P.","","Women's VC Fund","Oregon Growth Account Private Equity Program","","lp_position","2","2026-08-17.r1-consolidated","ledgers/working/round01/TEST-30/r1-consolidated.csv"
"SRC035","FUND_0075","Yaletown Ventures II (USA), L.P.","Yaletown Ventures II (USA), L.P.","","Yaletown Partners","Oregon Growth Account Private Equity Program","","lp_position","1","2026-08-17.r1-consolidated","ledgers/working/round01/TEST-30/r1-consolidated.csv"
"SRC036","FUND_0076","Allos Ventures II, L.P.","Allos Ventures II, L.P.","","Allos Ventures","The Ohio Capital Fund LLC","","lp_position","16","2026-08-17.r1-consolidated","ledgers/working/round01/TEST-30/r1-consolidated.csv"
"SRC036","FUND_0077","Arboretum Ventures IIa, L.P.","Arboretum Ventures IIa, L.P.","","Arboretum Ventures","The Ohio Capital Fund LLC","","lp_position","16","2026-08-17.r1-consolidated","ledgers/working/round01/TEST-30/r1-consolidated.csv"
"SRC036","FUND_0078","Arsenal Venture Partners IIa, L.P.","Arsenal Venture Partners IIa, L.P.","","Arsenal Venture Partners, Inc.","The Ohio Capital Fund LLC","","lp_position","16","2026-08-17.r1-consolidated","ledgers/working/round01/TEST-30/r1-consolidated.csv"
"SRC036","FUND_0080","Athenian Venture Partners III, L.P.","Athenian Venture Partners III, L.P.","","Athenian Venture Partners","The Ohio Capital Fund LLC","","lp_position","16","2026-08-17.r1-consolidated","ledgers/working/round01/TEST-30/r1-consolidated.csv"
"SRC036","FUND_0081","Charter Life Sciences (Ohio) II, L.P.","Charter Life Sciences (Ohio) II, L.P.","","Charter Life Sciences","The Ohio Capital Fund LLC","","lp_position","16","2026-08-17.r1-consolidated","ledgers/working/round01/TEST-30/r1-consolidated.csv"
"SRC036","FUND_0082","Chrysalis Ventures (Ohio) III, L.P.","Chrysalis Ventures (Ohio) III, L.P.","","Chrysalis Ventures","The Ohio Capital Fund LLC","","lp_position","16","2026-08-17.r1-consolidated","ledgers/working/round01/TEST-30/r1-consolidated.csv"
"SRC036","FUND_0084","Draper Triangle Ohio Ventures, L.P.","Draper Triangle Ohio Ventures, L.P.","","Draper Triangle Ventures","The Ohio Capital Fund LLC","","lp_position","16","2026-08-17.r1-consolidated","ledgers/working/round01/TEST-30/r1-consolidated.csv"
"SRC036","FUND_0085","Draper Triangle Ventures Ohio III, L.P.","Draper Triangle Ventures Ohio III, L.P.","","Draper Triangle Ventures","The Ohio Capital Fund LLC","","lp_position","16","2026-08-17.r1-consolidated","ledgers/working/round01/TEST-30/r1-consolidated.csv"
"SRC036","FUND_0086","Early Stage Partners Fund II, L.P.","Early Stage Partners Fund II, L.P.","","Early Stage Partners","The Ohio Capital Fund LLC","","lp_position","16","2026-08-17.r1-consolidated","ledgers/working/round01/TEST-30/r1-consolidated.csv"
"SRC036","FUND_0089","Edison Venture Fund VII, L.P.","Edison Venture Fund VII, L.P.","","Edison Partners","The Ohio Capital Fund LLC","","lp_position","16","2026-08-17.r1-consolidated","ledgers/working/round01/TEST-30/r1-consolidated.csv"
"SRC036","FUND_0090","Edison Venture Fund VIII, L.P.","Edison Venture Fund VIII, L.P.","","Edison Partners","The Ohio Capital Fund LLC","","lp_position","16","2026-08-17.r1-consolidated","ledgers/working/round01/TEST-30/r1-consolidated.csv"
"SRC036","FUND_0092","Emerging Market Fund, LLC","Emerging Market Fund, LLC","","","The Ohio Capital Fund LLC","","lp_position","16","2026-08-17.r1-consolidated","ledgers/working/round01/TEST-30/r1-consolidated.csv"
"SRC036","FUND_0094","FSV II-B, L.P.","FSV II-B, L.P.","","Fletcher Spaght Ventures","The Ohio Capital Fund LLC","","lp_position","16","2026-08-17.r1-consolidated","ledgers/working/round01/TEST-30/r1-consolidated.csv"
"SRC036","FUND_0095","Glengary LLC","Glengary LLC","","Glengary","The Ohio Capital Fund LLC","","lp_position","16","2026-08-17.r1-consolidated","ledgers/working/round01/TEST-30/r1-consolidated.csv"
"SRC036","FUND_0096","NCT Ventures Fund I, L.P.","NCT Ventures Fund I, L.P.","","NCT Ventures","The Ohio Capital Fund LLC","","lp_position","16","2026-08-17.r1-consolidated","ledgers/working/round01/TEST-30/r1-consolidated.csv"
"SRC036","FUND_0097","NCT Ventures Fund II, L.P.","NCT Ventures Fund II, L.P.","","NCT Ventures","The Ohio Capital Fund LLC","","lp_position","16","2026-08-17.r1-consolidated","ledgers/working/round01/TEST-30/r1-consolidated.csv"
"SRC036","FUND_0098","Primus Capital Fund VI, L.P.","Primus Capital Fund VI, L.P.","","Primus Capital Partners","The Ohio Capital Fund LLC","","lp_position","16","2026-08-17.r1-consolidated","ledgers/working/round01/TEST-30/r1-consolidated.csv"
"SRC036","FUND_0099","QCA First Fund III, LLC","QCA First Fund III, LLC","","Queen City Angels","The Ohio Capital Fund LLC","","lp_position","16","2026-08-17.r1-consolidated","ledgers/working/round01/TEST-30/r1-consolidated.csv"
"SRC036","FUND_0100","Radius Venture Partners (Ohio) III, QP, L.P.","Radius Venture Partners (Ohio) III, QP, L.P.","","Radius Ventures","The Ohio Capital Fund LLC","","lp_position","16","2026-08-17.r1-consolidated","ledgers/working/round01/TEST-30/r1-consolidated.csv"
"SRC036","FUND_0101","Reservoir Venture Partners II, L.P.","Reservoir Venture Partners II, L.P.","","Reservoir Venture Partners","The Ohio Capital Fund LLC","","lp_position","16","2026-08-17.r1-consolidated","ledgers/working/round01/TEST-30/r1-consolidated.csv"
"SRC036","FUND_0102","River Cities Capital Fund IV, L.P.","River Cities Capital Fund IV, L.P.","","River Cities Capital","The Ohio Capital Fund LLC","","lp_position","16","2026-08-17.r1-consolidated","ledgers/working/round01/TEST-30/r1-consolidated.csv"
"SRC036","FUND_0103","RiverVest Venture Fund II (Ohio), L.P.","RiverVest Venture Fund II (Ohio), L.P.","","RiverVest Venture Partners","The Ohio Capital Fund LLC","","lp_position","16","2026-08-17.r1-consolidated","ledgers/working/round01/TEST-30/r1-consolidated.csv"
"SRC036","FUND_0104","RiverVest Venture Fund III (Ohio), L.P.","RiverVest Venture Fund III (Ohio), L.P.","","RiverVest Venture Partners","The Ohio Capital Fund LLC","","lp_position","16","2026-08-17.r1-consolidated","ledgers/working/round01/TEST-30/r1-consolidated.csv"
"SRC036","FUND_0105","SunBridge Partners Technology Fund III, L.P.","SunBridge Partners Technology Fund III, L.P.","","SunBridge Partners","The Ohio Capital Fund LLC","","lp_position","16","2026-08-17.r1-consolidated","ledgers/working/round01/TEST-30/r1-consolidated.csv"
"SRC036","FUND_0106","SV Life Sciences Fund IV, L.P.","SV Life Sciences Fund IV, L.P.","","SV Health Investors","The Ohio Capital Fund LLC","","lp_position","16","2026-08-17.r1-consolidated","ledgers/working/round01/TEST-30/r1-consolidated.csv"
"SRC036","FUND_0107","The Ohio Capital Fund LLC","The Ohio Capital Fund LLC","MGR_0001","Buckeye Venture Partners, LLC","","","fund_total","3","2026-08-17.r1-consolidated","ledgers/working/round01/TEST-30/r1-consolidated.csv"
"SRC037","FUND_0113","Khosla Ventures III","Khosla Ventures III","","Khosla Ventures","Utah Fund of Funds, LLC","","lp_position","24","2026-08-17.r1-consolidated","ledgers/working/round01/TEST-30/r1-consolidated.csv"
"SRC037","FUND_0114","Media Technology Ventures V","Media Technology Ventures V","","","Utah Fund of Funds, LLC","","lp_position","23","2026-08-17.r1-consolidated","ledgers/working/round01/TEST-30/r1-consolidated.csv"
"SRC037","FUND_0115","New Enterprise Associates 13","New Enterprise Associates 13","","New Enterprise Associates","Utah Fund of Funds, LLC","","lp_position","24","2026-08-17.r1-consolidated","ledgers/working/round01/TEST-30/r1-consolidated.csv"
"SRC037","FUND_0116","Sorenson Capital Partners II Cont. Vehicle","Sorenson Capital Partners II Cont. Vehicle","","Sorenson Capital","Utah Fund of Funds, LLC","","lp_position","23","2026-08-17.r1-consolidated","ledgers/working/round01/TEST-30/r1-consolidated.csv"
"SRC037","FUND_0117","SV Fund IV","SV Fund IV","","","Utah Fund of Funds, LLC","","lp_position","24","2026-08-17.r1-consolidated","ledgers/working/round01/TEST-30/r1-consolidated.csv"
"SRC037","FUND_0118","SV Life Sciences IV CF","SV Life Sciences IV CF","","SV Health Investors","Utah Fund of Funds, LLC","","lp_position","23","2026-08-17.r1-consolidated","ledgers/working/round01/TEST-30/r1-consolidated.csv"
"SRC037","FUND_0119","TA XI","TA XI","","TA Associates","Utah Fund of Funds, LLC","","lp_position","23","2026-08-17.r1-consolidated","ledgers/working/round01/TEST-30/r1-consolidated.csv"
"SRC037","FUND_0120","Utah Fund of Funds, LLC","Utah Fund of Funds, LLC","MGR_0006","Utah Capital Investment Corporation","","","fund_total","17","2026-08-17.r1-consolidated","ledgers/working/round01/TEST-30/r1-consolidated.csv"
"SRC038","FUND_0108","Commonwealth Fund III","Commonwealth Fund III","MGR_0002","MassVentures","","","fund_total","13","2026-08-17.r1-consolidated","ledgers/working/round01/TEST-30/r1-consolidated.csv"
"SRC039","FUND_0121","BioScience Facilities Fund","BioScience Facilities Fund","","","","","fund_total","18","2026-08-17.r1-consolidated","ledgers/working/round01/TEST-30/r1-consolidated.csv"
"SRC039","FUND_0123","Clean Tech Fund","Clean Tech Fund","","Connecticut Innovations","","","fund_total","18","2026-08-17.r1-consolidated","ledgers/working/round01/TEST-30/r1-consolidated.csv"
"SRC039","FUND_0124","Connecticut Bioscience Innovation Fund","Connecticut Bioscience Innovation Fund","","Connecticut Innovations","","","fund_total","26","2026-08-17.r1-consolidated","ledgers/working/round01/TEST-30/r1-consolidated.csv"
"SRC039","FUND_0125","Connecticut Capital Access Fund","Connecticut Capital Access Fund","","","","","fund_total","19","2026-08-17.r1-consolidated","ledgers/working/round01/TEST-30/r1-consolidated.csv"
"SRC039","FUND_0128","Connecticut Works Fund","Connecticut Works Fund","","","","","fund_total","19","2026-08-17.r1-consolidated","ledgers/working/round01/TEST-30/r1-consolidated.csv"
"SRC039","FUND_0129","Connecticut Works Guarantee Fund","Connecticut Works Guarantee Fund","","","","","fund_total","19","2026-08-17.r1-consolidated","ledgers/working/round01/TEST-30/r1-consolidated.csv"
"SRC039","FUND_0130","Eli Whitney Fund","Eli Whitney Fund","","Connecticut Innovations","","","fund_total","17","2026-08-17.r1-consolidated","ledgers/working/round01/TEST-30/r1-consolidated.csv"
"SRC039","FUND_0132","Growth Fund","Growth Fund","","","","","fund_total","18","2026-08-17.r1-consolidated","ledgers/working/round01/TEST-30/r1-consolidated.csv"
"SRC039","FUND_0134","PreSeed Fund","PreSeed Fund","","","","","fund_total","18","2026-08-17.r1-consolidated","ledgers/working/round01/TEST-30/r1-consolidated.csv"
"SRC039","FUND_0137","Seed Fund","Seed Fund","","","","","fund_total","24","2026-08-17.r1-consolidated","ledgers/working/round01/TEST-30/r1-consolidated.csv"
"SRC040","FUND_0139","Builder Fund","Builder Fund","MGR_0008","Maryland Technology Development Corporation","","","fund_total","10","2026-08-17.r1-consolidated","ledgers/working/round01/TEST-30/r1-consolidated.csv"
"SRC040","FUND_0142","Cybersecurity Investment Fund","Cybersecurity Investment Fund","MGR_0008","Maryland Technology Development Corporation","","","fund_total","6","2026-08-17.r1-consolidated","ledgers/working/round01/TEST-30/r1-consolidated.csv"
"SRC040","FUND_0143","Gap Investment Fund","Gap Investment Fund","","","","","fund_total","6","2026-08-17.r1-consolidated","ledgers/working/round01/TEST-30/r1-consolidated.csv"
"SRC040","FUND_0144","Incubator Development Fund","Incubator Development Fund","","","","","fund_total","7","2026-08-17.r1-consolidated","ledgers/working/round01/TEST-30/r1-consolidated.csv"
"SRC040","FUND_0145","Life Science Investment Fund","Life Science Investment Fund","","","","","fund_total","6","2026-08-17.r1-consolidated","ledgers/working/round01/TEST-30/r1-consolidated.csv"
"SRC040","FUND_0148","Maryland Technology Commercialization Fund","Maryland Technology Commercialization Fund","MGR_0008","Maryland Technology Development Corporation","","","fund_total","5","2026-08-17.r1-consolidated","ledgers/working/round01/TEST-30/r1-consolidated.csv"
"SRC040","FUND_0149","Maryland Venture Fund","Maryland Venture Fund","MGR_0008","Maryland Technology Development Corporation","","","fund_total","14","2026-08-17.r1-consolidated","ledgers/working/round01/TEST-30/r1-consolidated.csv"
"SRC040","FUND_0150","Rural Pre-Seed Investment Fund","Rural Pre-Seed Investment Fund","MGR_0008","Maryland Technology Development Corporation","","","fund_total","9","2026-08-17.r1-consolidated","ledgers/working/round01/TEST-30/r1-consolidated.csv"
"SRC053","FUND_0246","Starwood Real Estate Income Trust, Inc.","Starwood Real Estate Income Trust, Inc.","MGR_0004","Starwood REIT Advisors, L.L.C.","","","fund_total","1","2026-08-17.r1-consolidated","ledgers/working/round01/TEST-30/r1-consolidated.csv"
"SRC054","FUND_0246","Starwood Real Estate Income Trust, Inc.","Starwood Real Estate Income Trust, Inc.","MGR_0004","Starwood REIT Advisors, L.L.C.","","","fund_total","1","2026-08-17.r1-consolidated","ledgers/working/round01/TEST-30/r1-consolidated.csv"
"SRC101","FUND_0152","Heritage Fund I, L.P.","Heritage Fund I, L.P.","MGR_0090","HERITAGE PARTNERS.INC","Pennsylvania Public School Employees' Retirement System (PSERS)","","lp_position","3","2026-08-17.r1-consolidated","ledgers/working/round01/TEST-30/r1-consolidated.csv"
"SRC102","FUND_0153","Jefferson Partners Fund IV, L.P.","Jefferson Partners Fund IV, L.P.","","Jefferson Partners Fund 4.5 Management Corp.","","","fund_total","6","2026-08-17.r1-consolidated","ledgers/working/round01/TEST-30/r1-consolidated.csv"
"SRC102","FUND_0155","Jefferson Partners Fund IV, (U.S.), L.P.","Jefferson Partners Fund IV, (U.S.), L.P.","","Jefferson Partners Fund 4.5 Management Corp.","","","fund_total","6","2026-08-17.r1-consolidated","ledgers/working/round01/TEST-30/r1-consolidated.csv"
"SRC102","FUND_0205","JEFFERSON PARTNERS FUND IV (PA), L.P.","JEFFERSON PARTNERS FUND IV (PA), L.P.","MGR_0091","JPIV G.P., L.P.","Pennsylvania Public School Employees' Retirement System (PSERS)","","lp_position","1","2026-08-17.r1-consolidated","ledgers/working/round01/TEST-30/r1-consolidated.csv"
"SRC137","FUND_0158","AG Core Plus Realty Fund III, L.P.","AG Core Plus Realty Fund III, L.P.","","Angelo, Gordon & Co., L.P.","Pennsylvania Public School Employees' Retirement System (PSERS)","","lp_position","1","2026-08-17.r1-consolidated","ledgers/working/round01/TEST-30/r1-consolidated.csv"
"SRC137","FUND_0159","Almanac Realty Securities V, L.P.","Almanac Realty Securities V, L.P.","","Almanac Realty Investors, LLC","Pennsylvania Public School Employees' Retirement System (PSERS)","","lp_position","1","2026-08-17.r1-consolidated","ledgers/working/round01/TEST-30/r1-consolidated.csv"
"SRC137","FUND_0160","Almanac Realty Securities VI, L.P.","Almanac Realty Securities VI, L.P.","","Almanac Realty Investors, LLC","Pennsylvania Public School Employees' Retirement System (PSERS)","","lp_position","1","2026-08-17.r1-consolidated","ledgers/working/round01/TEST-30/r1-consolidated.csv"
"SRC137","FUND_0161","Apollo European Real Estate Fund III, L.P.","Apollo European Real Estate Fund III, L.P.","","Apollo Global Management","Pennsylvania Public School Employees' Retirement System (PSERS)","","lp_position","1","2026-08-17.r1-consolidated","ledgers/working/round01/TEST-30/r1-consolidated.csv"
"SRC137","FUND_0162","Apollo Real Estate Finance Corp","Apollo Real Estate Finance Corp","","","Pennsylvania Public School Employees' Retirement System (PSERS)","","lp_position","1","2026-08-17.r1-consolidated","ledgers/working/round01/TEST-30/r1-consolidated.csv"
"SRC137","FUND_0163","Apollo Value Enhancement Fund VII, L.P.","Apollo Value Enhancement Fund VII, L.P.","","Apollo Global Management","Pennsylvania Public School Employees' Retirement System (PSERS)","","lp_position","1","2026-08-17.r1-consolidated","ledgers/working/round01/TEST-30/r1-consolidated.csv"
"SRC137","FUND_0164","AREFIN Co-Invest Corporation","AREFIN Co-Invest Corporation","","","Pennsylvania Public School Employees' Retirement System (PSERS)","","lp_position","1","2026-08-17.r1-consolidated","ledgers/working/round01/TEST-30/r1-consolidated.csv"
"SRC137","FUND_0165","AvalonBay Value Added Fund II, L.P.","AvalonBay Value Added Fund II, L.P.","","AvalonBay Capital Management, Inc.","Pennsylvania Public School Employees' Retirement System (PSERS)","","lp_position","1","2026-08-17.r1-consolidated","ledgers/working/round01/TEST-30/r1-consolidated.csv"
"SRC137","FUND_0166","AvalonBay Value Added Fund, L.P.","AvalonBay Value Added Fund, L.P.","","AvalonBay Capital Management, Inc.","Pennsylvania Public School Employees' Retirement System (PSERS)","","lp_position","1","2026-08-17.r1-consolidated","ledgers/working/round01/TEST-30/r1-consolidated.csv"
"SRC137","FUND_0167","Avenue Real Estate Fund (Parallel) L.P.","Avenue Real Estate Fund (Parallel) L.P.","","","Pennsylvania Public School Employees' Retirement System (PSERS)","","lp_position","1","2026-08-17.r1-consolidated","ledgers/working/round01/TEST-30/r1-consolidated.csv"
"SRC137","FUND_0168","Beacon Capital Strategic Partners V, L.P.","Beacon Capital Strategic Partners V, L.P.","","Beacon Capital Partners","Pennsylvania Public School Employees' Retirement System (PSERS)","","lp_position","1","2026-08-17.r1-consolidated","ledgers/working/round01/TEST-30/r1-consolidated.csv"
"SRC137","FUND_0169","Bell Institutional Fund IV, LLC","Bell Institutional Fund IV, LLC","","Bell Partners","Pennsylvania Public School Employees' Retirement System (PSERS)","","lp_position","1","2026-08-17.r1-consolidated","ledgers/working/round01/TEST-30/r1-consolidated.csv"
"SRC137","FUND_0170","Blackstone Real Estate Debt Strategies II, L.P.","Blackstone Real Estate Debt Strategies II, L.P.","","Blackstone","Pennsylvania Public School Employees' Retirement System (PSERS)","","lp_position","1","2026-08-17.r1-consolidated","ledgers/working/round01/TEST-30/r1-consolidated.csv"
"SRC137","FUND_0171","Blackstone Real Estate Partners Europe III, L.P.","Blackstone Real Estate Partners Europe III, L.P.","","Blackstone","Pennsylvania Public School Employees' Retirement System (PSERS)","","lp_position","1","2026-08-17.r1-consolidated","ledgers/working/round01/TEST-30/r1-consolidated.csv"
"SRC137","FUND_0172","Blackstone Real Estate Partners V, L.P.","Blackstone Real Estate Partners V, L.P.","","Blackstone","Pennsylvania Public School Employees' Retirement System (PSERS)","","lp_position","1","2026-08-17.r1-consolidated","ledgers/working/round01/TEST-30/r1-consolidated.csv"
"SRC137","FUND_0173","Blackstone Real Estate Partners VI, L.P.","Blackstone Real Estate Partners VI, L.P.","","The Blackstone Group L.P.","Pennsylvania Public School Employees' Retirement System (PSERS)","","lp_position","1","2026-08-17.r1-consolidated","ledgers/working/round01/TEST-30/r1-consolidated.csv"
"SRC137","FUND_0174","Blackstone Real Estate Partners VII, L.P.","Blackstone Real Estate Partners VII, L.P.","","Blackstone","Pennsylvania Public School Employees' Retirement System (PSERS)","","lp_position","1","2026-08-17.r1-consolidated","ledgers/working/round01/TEST-30/r1-consolidated.csv"
"SRC137","FUND_0175","BPG Investment Partnership IV, L.P.","BPG Investment Partnership IV, L.P.","","Equus Capital Partners","Pennsylvania Public School Employees' Retirement System (PSERS)","","lp_position","1","2026-08-17.r1-consolidated","ledgers/working/round01/TEST-30/r1-consolidated.csv"
"SRC137","FUND_0176","BPG Investment Partnership V, L.P.","BPG Investment Partnership V, L.P.","","Equus Capital Partners","Pennsylvania Public School Employees' Retirement System (PSERS)","","lp_position","1","2026-08-17.r1-consolidated","ledgers/working/round01/TEST-30/r1-consolidated.csv"
"SRC137","FUND_0177","BPG Investment Partnership VI, L.P.","BPG Investment Partnership VI, L.P.","","Equus Capital Partners","Pennsylvania Public School Employees' Retirement System (PSERS)","","lp_position","1","2026-08-17.r1-consolidated","ledgers/working/round01/TEST-30/r1-consolidated.csv"
"SRC137","FUND_0178","BPG/PSERS Co-Investment Fund","BPG/PSERS Co-Investment Fund","","Equus Capital Partners","Pennsylvania Public School Employees' Retirement System (PSERS)","","lp_position","1","2026-08-17.r1-consolidated","ledgers/working/round01/TEST-30/r1-consolidated.csv"
"SRC137","FUND_0179","Broadway Partners Real Estate Fund II, L.P.","Broadway Partners Real Estate Fund II, L.P.","","Broadway Real Estate Partners, LLC","Pennsylvania Public School Employees' Retirement System (PSERS)","","lp_position","1","2026-08-17.r1-consolidated","ledgers/working/round01/TEST-30/r1-consolidated.csv"
"SRC137","FUND_0180","Broadway Partners Real Estate Fund III, L.P.","Broadway Partners Real Estate Fund III, L.P.","","Broadway Real Estate Partners, LLC","Pennsylvania Public School Employees' Retirement System (PSERS)","","lp_position","1","2026-08-17.r1-consolidated","ledgers/working/round01/TEST-30/r1-consolidated.csv"
"SRC137","FUND_0181","Brookfield Strategic Real Estate Partners, L.P.","Brookfield Strategic Real Estate Partners, L.P.","","Brookfield Asset Management","Pennsylvania Public School Employees' Retirement System (PSERS)","","lp_position","1","2026-08-17.r1-consolidated","ledgers/working/round01/TEST-30/r1-consolidated.csv"
"SRC137","FUND_0182","Cabot Industrial Value Fund III, L.P.","Cabot Industrial Value Fund III, L.P.","","Cabot Properties","Pennsylvania Public School Employees' Retirement System (PSERS)","","lp_position","1","2026-08-17.r1-consolidated","ledgers/working/round01/TEST-30/r1-consolidated.csv"
"SRC137","FUND_0183","Carlyle Europe Real Estate Partners III, L.P.","Carlyle Europe Real Estate Partners III, L.P.","","The Carlyle Group","Pennsylvania Public School Employees' Retirement System (PSERS)","","lp_position","1","2026-08-17.r1-consolidated","ledgers/working/round01/TEST-30/r1-consolidated.csv"
"SRC137","FUND_0184","Carlyle Realty Partners III, L.P.","Carlyle Realty Partners III, L.P.","","The Carlyle Group","Pennsylvania Public School Employees' Retirement System (PSERS)","","lp_position","1","2026-08-17.r1-consolidated","ledgers/working/round01/TEST-30/r1-consolidated.csv"
"SRC137","FUND_0185","Carlyle Realty Partners IV, L.P.","Carlyle Realty Partners IV, L.P.","","The Carlyle Group","Pennsylvania Public School Employees' Retirement System (PSERS)","","lp_position","1","2026-08-17.r1-consolidated","ledgers/working/round01/TEST-30/r1-consolidated.csv"
"SRC137","FUND_0186","Carlyle Realty Partners V, L.P.","Carlyle Realty Partners V, L.P.","","The Carlyle Group","Pennsylvania Public School Employees' Retirement System (PSERS)","","lp_position","1","2026-08-17.r1-consolidated","ledgers/working/round01/TEST-30/r1-consolidated.csv"
"SRC137","FUND_0187","Carlyle Realty Partners VI, L.P.","Carlyle Realty Partners VI, L.P.","","The Carlyle Group","Pennsylvania Public School Employees' Retirement System (PSERS)","","lp_position","1","2026-08-17.r1-consolidated","ledgers/working/round01/TEST-30/r1-consolidated.csv"
"SRC137","FUND_0188","Centerline Diversified Risk CMBS Fund, LLC","Centerline Diversified Risk CMBS Fund, LLC","","Centerline Capital Group","Pennsylvania Public School Employees' Retirement System (PSERS)","","lp_position","2","2026-08-17.r1-consolidated","ledgers/working/round01/TEST-30/r1-consolidated.csv"
"SRC137","FUND_0189","Centerline High Yield CMBS III - Loan/Stock","Centerline High Yield CMBS III - Loan/Stock","","Centerline Capital Group","Pennsylvania Public School Employees' Retirement System (PSERS)","","lp_position","2","2026-08-17.r1-consolidated","ledgers/working/round01/TEST-30/r1-consolidated.csv"
"SRC137","FUND_0190","Cornerstone Patriot Fund, L.P.","Cornerstone Patriot Fund, L.P.","","Cornerstone Real Estate Advisers LLC","Pennsylvania Public School Employees' Retirement System (PSERS)","","lp_position","2","2026-08-17.r1-consolidated","ledgers/working/round01/TEST-30/r1-consolidated.csv"
"SRC137","FUND_0191","CS Strategic Partners IV RE, L.P.","CS Strategic Partners IV RE, L.P.","","Credit Suisse First Boston Private Equity, Inc.","Pennsylvania Public School Employees' Retirement System (PSERS)","","lp_position","1","2026-08-17.r1-consolidated","ledgers/working/round01/TEST-30/r1-consolidated.csv"
"SRC137","FUND_0192","CSFB Strategic Partners II RE, L.P.","CSFB Strategic Partners II RE, L.P.","","Credit Suisse First Boston Private Equity, Inc.","Pennsylvania Public School Employees' Retirement System (PSERS)","","lp_position","1","2026-08-17.r1-consolidated","ledgers/working/round01/TEST-30/r1-consolidated.csv"
"SRC137","FUND_0193","CSFB Strategic Partners III RE, L.P.","CSFB Strategic Partners III RE, L.P.","","Credit Suisse First Boston Private Equity, Inc.","Pennsylvania Public School Employees' Retirement System (PSERS)","","lp_position","1","2026-08-17.r1-consolidated","ledgers/working/round01/TEST-30/r1-consolidated.csv"
"SRC137","FUND_0194","DLJ Real Estate Capital Partners III, L.P.","DLJ Real Estate Capital Partners III, L.P.","","DLJ Real Estate Capital Partners","Pennsylvania Public School Employees' Retirement System (PSERS)","","lp_position","2","2026-08-17.r1-consolidated","ledgers/working/round01/TEST-30/r1-consolidated.csv"
"SRC137","FUND_0195","DLJ Real Estate Capital Partners IV, L.P.","DLJ Real Estate Capital Partners IV, L.P.","","DLJ Real Estate Capital Partners","Pennsylvania Public School Employees' Retirement System (PSERS)","","lp_position","2","2026-08-17.r1-consolidated","ledgers/working/round01/TEST-30/r1-consolidated.csv"
"SRC137","FUND_0196","DLJ Real Estate Partners II, L.P.","DLJ Real Estate Partners II, L.P.","","DLJ Real Estate Capital Partners","Pennsylvania Public School Employees' Retirement System (PSERS)","","lp_position","2","2026-08-17.r1-consolidated","ledgers/working/round01/TEST-30/r1-consolidated.csv"
"SRC137","FUND_0197","DRA Growth and Income Fund VI, L.P.","DRA Growth and Income Fund VI, L.P.","","DRA Advisors LLC","Pennsylvania Public School Employees' Retirement System (PSERS)","","lp_position","2","2026-08-17.r1-consolidated","ledgers/working/round01/TEST-30/r1-consolidated.csv"
"SRC137","FUND_0198","DRA Growth and Income Fund VII, L.P.","DRA Growth and Income Fund VII, L.P.","","DRA Advisors LLC","Pennsylvania Public School Employees' Retirement System (PSERS)","","lp_position","2","2026-08-17.r1-consolidated","ledgers/working/round01/TEST-30/r1-consolidated.csv"
"SRC137","FUND_0199","Exeter Industrial Value Fund II, L.P.","Exeter Industrial Value Fund II, L.P.","","Exeter Property Group","Pennsylvania Public School Employees' Retirement System (PSERS)","","lp_position","2","2026-08-17.r1-consolidated","ledgers/working/round01/TEST-30/r1-consolidated.csv"
"SRC137","FUND_0200","Fillmore West Fund, L.P.","Fillmore West Fund, L.P.","","","Pennsylvania Public School Employees' Retirement System (PSERS)","","lp_position","2","2026-08-17.r1-consolidated","ledgers/working/round01/TEST-30/r1-consolidated.csv"
"SRC137","FUND_0201","Fortress Investment Fund IV LP","Fortress Investment Fund IV LP","","Fortress Investment Group LLC","Pennsylvania Public School Employees' Retirement System (PSERS)","","lp_position","2","2026-08-17.r1-consolidated","ledgers/working/round01/TEST-30/r1-consolidated.csv"
"SRC137","FUND_0202","Fortress Investment Fund LLC","Fortress Investment Fund LLC","","Fortress Investment Group LLC","Pennsylvania Public School Employees' Retirement System (PSERS)","","lp_position","2","2026-08-17.r1-consolidated","ledgers/working/round01/TEST-30/r1-consolidated.csv"
"SRC137","FUND_0203","Fortress Investment Fund V (Fund A) L.P.","Fortress Investment Fund V (Fund A) L.P.","","Fortress Investment Group LLC","Pennsylvania Public School Employees' Retirement System (PSERS)","","lp_position","2","2026-08-17.r1-consolidated","ledgers/working/round01/TEST-30/r1-consolidated.csv"
"SRC137","FUND_0204","Hines U.S. Office Value Added Fund, L.P.","Hines U.S. Office Value Added Fund, L.P.","","Hines","Pennsylvania Public School Employees' Retirement System (PSERS)","","lp_position","2","2026-08-17.r1-consolidated","ledgers/working/round01/TEST-30/r1-consolidated.csv"
"SRC137","FUND_0206","JPMCB Strategic Property Fund","JPMCB Strategic Property Fund","","J.P. Morgan Asset Management","Pennsylvania Public School Employees' Retirement System (PSERS)","","lp_position","2","2026-08-17.r1-consolidated","ledgers/working/round01/TEST-30/r1-consolidated.csv"
"SRC137","FUND_0207","Latitude Management Real Estate Capital III, Inc.","Latitude Management Real Estate Capital III, Inc.","","Latitude Management Real Estate Investors","Pennsylvania Public School Employees' Retirement System (PSERS)","","lp_position","2","2026-08-17.r1-consolidated","ledgers/working/round01/TEST-30/r1-consolidated.csv"
"SRC137","FUND_0208","LCCG Diversified Risk CMBS Fund II, LLC","LCCG Diversified Risk CMBS Fund II, LLC","","","Pennsylvania Public School Employees' Retirement System (PSERS)","","lp_position","2","2026-08-17.r1-consolidated","ledgers/working/round01/TEST-30/r1-consolidated.csv"
"SRC137","FUND_0209","LCCG High Yield CMBS Fund III, LLC","LCCG High Yield CMBS Fund III, LLC","","","Pennsylvania Public School Employees' Retirement System (PSERS)","","lp_position","2","2026-08-17.r1-consolidated","ledgers/working/round01/TEST-30/r1-consolidated.csv"
"SRC137","FUND_0210","LCCG R E Special Situations Mortgage Fund","LCCG R E Special Situations Mortgage Fund","","","Pennsylvania Public School Employees' Retirement System (PSERS)","","lp_position","2","2026-08-17.r1-consolidated","ledgers/working/round01/TEST-30/r1-consolidated.csv"
"SRC137","FUND_0211","Legg Mason Real Estate Capital","Legg Mason Real Estate Capital","","Latitude Management Real Estate Investors","Pennsylvania Public School Employees' Retirement System (PSERS)","","lp_position","2","2026-08-17.r1-consolidated","ledgers/working/round01/TEST-30/r1-consolidated.csv"
"SRC137","FUND_0212","Legg Mason Real Estate Capital II","Legg Mason Real Estate Capital II","","Latitude Management Real Estate Investors","Pennsylvania Public School Employees' Retirement System (PSERS)","","lp_position","2","2026-08-17.r1-consolidated","ledgers/working/round01/TEST-30/r1-consolidated.csv"
"SRC137","FUND_0213","LEM Real Estate Mezzanine Fund II, L.P.","LEM Real Estate Mezzanine Fund II, L.P.","","LEM Capital","Pennsylvania Public School Employees' Retirement System (PSERS)","","lp_position","2","2026-08-17.r1-consolidated","ledgers/working/round01/TEST-30/r1-consolidated.csv"
"SRC137","FUND_0214","LF Strategic Realty Investors II, L.P.","LF Strategic Realty Investors II, L.P.","","Lazard Alternative Investments","Pennsylvania Public School Employees' Retirement System (PSERS)","","lp_position","2","2026-08-17.r1-consolidated","ledgers/working/round01/TEST-30/r1-consolidated.csv"
"SRC137","FUND_0215","LF Strategic Realty Investors, L.P.","LF Strategic Realty Investors, L.P.","","Lazard Alternative Investments","Pennsylvania Public School Employees' Retirement System (PSERS)","","lp_position","2","2026-08-17.r1-consolidated","ledgers/working/round01/TEST-30/r1-consolidated.csv"
"SRC137","FUND_0216","Lubert-Adler Real Estate Fund II","Lubert-Adler Real Estate Fund II","","Lubert-Adler Management Company, L.P.","Pennsylvania Public School Employees' Retirement System (PSERS)","","lp_position","2","2026-08-17.r1-consolidated","ledgers/working/round01/TEST-30/r1-consolidated.csv"
"SRC137","FUND_0217","Lubert-Adler Real Estate Fund III","Lubert-Adler Real Estate Fund III","","Lubert-Adler Management Company, L.P.","Pennsylvania Public School Employees' Retirement System (PSERS)","","lp_position","2","2026-08-17.r1-consolidated","ledgers/working/round01/TEST-30/r1-consolidated.csv"
"SRC137","FUND_0218","Lubert-Adler Real Estate Fund IV","Lubert-Adler Real Estate Fund IV","","Lubert-Adler Management Company, L.P.","Pennsylvania Public School Employees' Retirement System (PSERS)","","lp_position","2","2026-08-17.r1-consolidated","ledgers/working/round01/TEST-30/r1-consolidated.csv"
"SRC137","FUND_0219","Lubert-Adler Real Estate Fund V","Lubert-Adler Real Estate Fund V","","Lubert-Adler Management Company, L.P.","Pennsylvania Public School Employees' Retirement System (PSERS)","","lp_position","2","2026-08-17.r1-consolidated","ledgers/working/round01/TEST-30/r1-consolidated.csv"
"SRC137","FUND_0220","Lubert-Adler Real Estate Fund VI","Lubert-Adler Real Estate Fund VI","","Lubert-Adler Management Company, L.P.","Pennsylvania Public School Employees' Retirement System (PSERS)","","lp_position","2","2026-08-17.r1-consolidated","ledgers/working/round01/TEST-30/r1-consolidated.csv"
"SRC137","FUND_0221","Madison Marquette Retail Enhancement Fund LP","Madison Marquette Retail Enhancement Fund LP","","","Pennsylvania Public School Employees' Retirement System (PSERS)","","lp_position","2","2026-08-17.r1-consolidated","ledgers/working/round01/TEST-30/r1-consolidated.csv"
"SRC137","FUND_0222","MGPA Asia Fund III, L.P.","MGPA Asia Fund III, L.P.","","MGPA","Pennsylvania Public School Employees' Retirement System (PSERS)","","lp_position","2","2026-08-17.r1-consolidated","ledgers/working/round01/TEST-30/r1-consolidated.csv"
"SRC137","FUND_0223","MGPA Europe Fund III, L.P.","MGPA Europe Fund III, L.P.","","MGPA","Pennsylvania Public School Employees' Retirement System (PSERS)","","lp_position","2","2026-08-17.r1-consolidated","ledgers/working/round01/TEST-30/r1-consolidated.csv"
"SRC137","FUND_0224","Morgan Stanley Real Estate Fund II","Morgan Stanley Real Estate Fund II","","Morgan Stanley Real Estate Investing","Pennsylvania Public School Employees' Retirement System (PSERS)","","lp_position","2","2026-08-17.r1-consolidated","ledgers/working/round01/TEST-30/r1-consolidated.csv"
"SRC137","FUND_0225","Morgan Stanley Real Estate Fund IV Spec Dom","Morgan Stanley Real Estate Fund IV Spec Dom","","Morgan Stanley Real Estate Investing","Pennsylvania Public School Employees' Retirement System (PSERS)","","lp_position","2","2026-08-17.r1-consolidated","ledgers/working/round01/TEST-30/r1-consolidated.csv"
"SRC137","FUND_0226","Morgan Stanley Real Estate Fund IV Spec Intl","Morgan Stanley Real Estate Fund IV Spec Intl","","Morgan Stanley Real Estate Investing","Pennsylvania Public School Employees' Retirement System (PSERS)","","lp_position","2","2026-08-17.r1-consolidated","ledgers/working/round01/TEST-30/r1-consolidated.csv"
"SRC137","FUND_0227","Morgan Stanley Real Estate Fund V Spec Intl","Morgan Stanley Real Estate Fund V Spec Intl","","Morgan Stanley Real Estate Investing","Pennsylvania Public School Employees' Retirement System (PSERS)","","lp_position","2","2026-08-17.r1-consolidated","ledgers/working/round01/TEST-30/r1-consolidated.csv"
"SRC137","FUND_0228","Morgan Stanley Real Estate Fund V U.S.","Morgan Stanley Real Estate Fund V U.S.","","Morgan Stanley Real Estate Investing","Pennsylvania Public School Employees' Retirement System (PSERS)","","lp_position","2","2026-08-17.r1-consolidated","ledgers/working/round01/TEST-30/r1-consolidated.csv"
"SRC137","FUND_0229","Morgan Stanley Real Estate Fund VI Spec Intl","Morgan Stanley Real Estate Fund VI Spec Intl","","Morgan Stanley Real Estate Investing","Pennsylvania Public School Employees' Retirement System (PSERS)","","lp_position","2","2026-08-17.r1-consolidated","ledgers/working/round01/TEST-30/r1-consolidated.csv"
"SRC137","FUND_0230","Morgan Stanley Real Estate Fund VII Global, L.P.","Morgan Stanley Real Estate Fund VII Global, L.P.","","Morgan Stanley Real Estate Investing","Pennsylvania Public School Employees' Retirement System (PSERS)","","lp_position","2","2026-08-17.r1-consolidated","ledgers/working/round01/TEST-30/r1-consolidated.csv"
"SRC137","FUND_0231","O'Connor North American Property Partners II L.P.","O'Connor North American Property Partners II L.P.","","O'Connor Capital Partners","Pennsylvania Public School Employees' Retirement System (PSERS)","","lp_position","2","2026-08-17.r1-consolidated","ledgers/working/round01/TEST-30/r1-consolidated.csv"
"SRC137","FUND_0232","O'Connor North American Property Partners, L.P.","O'Connor North American Property Partners, L.P.","","O'Connor Capital Partners","Pennsylvania Public School Employees' Retirement System (PSERS)","","lp_position","2","2026-08-17.r1-consolidated","ledgers/working/round01/TEST-30/r1-consolidated.csv"
"SRC137","FUND_0233","Paladin Realty Latin America Investors III, L.P.","Paladin Realty Latin America Investors III, L.P.","","Paladin Realty Partners, LLC","Pennsylvania Public School Employees' Retirement System (PSERS)","","lp_position","2","2026-08-17.r1-consolidated","ledgers/working/round01/TEST-30/r1-consolidated.csv"
"SRC137","FUND_0234","Peabody Global Real Estate Partners","Peabody Global Real Estate Partners","","","Pennsylvania Public School Employees' Retirement System (PSERS)","","lp_position","3","2026-08-17.r1-consolidated","ledgers/working/round01/TEST-30/r1-consolidated.csv"
"SRC137","FUND_0235","Prime Property Fund LLC","Prime Property Fund LLC","","Morgan Stanley Real Estate Investing","Pennsylvania Public School Employees' Retirement System (PSERS)","","lp_position","3","2026-08-17.r1-consolidated","ledgers/working/round01/TEST-30/r1-consolidated.csv"
"SRC137","FUND_0236","PRISA","PRISA","","PGIM Real Estate","Pennsylvania Public School Employees' Retirement System (PSERS)","","lp_position","2","2026-08-17.r1-consolidated","ledgers/working/round01/TEST-30/r1-consolidated.csv"
"SRC137","FUND_0237","ProLogis North American Industrial Fund, L.P.","ProLogis North American Industrial Fund, L.P.","","Prologis","Pennsylvania Public School Employees' Retirement System (PSERS)","","lp_position","3","2026-08-17.r1-consolidated","ledgers/working/round01/TEST-30/r1-consolidated.csv"
"SRC137","FUND_0238","RCG Longview Debt Fund IV, L.P.","RCG Longview Debt Fund IV, L.P.","","Olshan Properties","Pennsylvania Public School Employees' Retirement System (PSERS)","","lp_position","3","2026-08-17.r1-consolidated","ledgers/working/round01/TEST-30/r1-consolidated.csv"
"SRC137","FUND_0239","RCG Longview Debt Fund V, L.P.","RCG Longview Debt Fund V, L.P.","","Olshan Properties","Pennsylvania Public School Employees' Retirement System (PSERS)","","lp_position","3","2026-08-17.r1-consolidated","ledgers/working/round01/TEST-30/r1-consolidated.csv"
"SRC137","FUND_0240","RCG Longview Equity Fund, L.P.","RCG Longview Equity Fund, L.P.","","Olshan Properties","Pennsylvania Public School Employees' Retirement System (PSERS)","","lp_position","3","2026-08-17.r1-consolidated","ledgers/working/round01/TEST-30/r1-consolidated.csv"
"SRC137","FUND_0241","RREEF America REIT II, Inc.","RREEF America REIT II, Inc.","","RREEF America L.L.C.","Pennsylvania Public School Employees' Retirement System (PSERS)","","lp_position","3","2026-08-17.r1-consolidated","ledgers/working/round01/TEST-30/r1-consolidated.csv"
"SRC137","FUND_0242","Senior Housing Partnership Fund IV, L.P.","Senior Housing Partnership Fund IV, L.P.","","","Pennsylvania Public School Employees' Retirement System (PSERS)","","lp_position","3","2026-08-17.r1-consolidated","ledgers/working/round01/TEST-30/r1-consolidated.csv"
"SRC137","FUND_0243","Silverpeak Legacy Pension Partners II, L.P.","Silverpeak Legacy Pension Partners II, L.P.","","Silverpeak Real Estate Partners","Pennsylvania Public School Employees' Retirement System (PSERS)","","lp_position","3","2026-08-17.r1-consolidated","ledgers/working/round01/TEST-30/r1-consolidated.csv"
"SRC137","FUND_0244","Silverpeak Legacy Pension Partners III, L.P.","Silverpeak Legacy Pension Partners III, L.P.","","Silverpeak Real Estate Partners","Pennsylvania Public School Employees' Retirement System (PSERS)","","lp_position","3","2026-08-17.r1-consolidated","ledgers/working/round01/TEST-30/r1-consolidated.csv"
"SRC137","FUND_0245","Silverpeak Legacy/PSERS, L.P.","Silverpeak Legacy/PSERS, L.P.","","Silverpeak Real Estate Partners","Pennsylvania Public School Employees' Retirement System (PSERS)","","lp_position","3","2026-08-17.r1-consolidated","ledgers/working/round01/TEST-30/r1-consolidated.csv"
"SRC137","FUND_0247","Stockbridge Real Estate Fund II - Senior Note","Stockbridge Real Estate Fund II - Senior Note","","Stockbridge Capital Group","Pennsylvania Public School Employees' Retirement System (PSERS)","","lp_position","3","2026-08-17.r1-consolidated","ledgers/working/round01/TEST-30/r1-consolidated.csv"
"SRC137","FUND_0248","Stockbridge Real Estate Fund II, LP","Stockbridge Real Estate Fund II, LP","","Stockbridge Capital Group","Pennsylvania Public School Employees' Retirement System (PSERS)","","lp_position","3","2026-08-17.r1-consolidated","ledgers/working/round01/TEST-30/r1-consolidated.csv"
"SRC137","FUND_0249","Stockbridge Real Estate Fund III, LP","Stockbridge Real Estate Fund III, LP","","Stockbridge Capital Group","Pennsylvania Public School Employees' Retirement System (PSERS)","","lp_position","3","2026-08-17.r1-consolidated","ledgers/working/round01/TEST-30/r1-consolidated.csv"
"SRC137","FUND_0250","Stockbridge Real Estate Fund, L.P.","Stockbridge Real Estate Fund, L.P.","","Stockbridge Capital Group","Pennsylvania Public School Employees' Retirement System (PSERS)","","lp_position","3","2026-08-17.r1-consolidated","ledgers/working/round01/TEST-30/r1-consolidated.csv"
"SRC137","FUND_0251","Strategic Partners Value Enhancement Fund LP","Strategic Partners Value Enhancement Fund LP","","Strategic Capital Partners","Pennsylvania Public School Employees' Retirement System (PSERS)","","lp_position","3","2026-08-17.r1-consolidated","ledgers/working/round01/TEST-30/r1-consolidated.csv"
"SRC137","FUND_0252","UBS (US) Trumbull Property Fund, L.P.","UBS (US) Trumbull Property Fund, L.P.","","UBS Realty Investors LLC","Pennsylvania Public School Employees' Retirement System (PSERS)","","lp_position","3","2026-08-17.r1-consolidated","ledgers/working/round01/TEST-30/r1-consolidated.csv"
"SRC137","FUND_0254","Westbrook Real Estate Fund I","Westbrook Real Estate Fund I","","Westbrook Partners","Pennsylvania Public School Employees' Retirement System (PSERS)","","lp_position","3","2026-08-17.r1-consolidated","ledgers/working/round01/TEST-30/r1-consolidated.csv"
"SRC137","FUND_0255","Whitehall Street III & IV","Whitehall Street III & IV","","Goldman Sachs","Pennsylvania Public School Employees' Retirement System (PSERS)","","lp_position","3","2026-08-17.r1-consolidated","ledgers/working/round01/TEST-30/r1-consolidated.csv"
"SRC137","FUND_0256","Whitehall Street V & VI","Whitehall Street V & VI","","Goldman Sachs","Pennsylvania Public School Employees' Retirement System (PSERS)","","lp_position","3","2026-08-17.r1-consolidated","ledgers/working/round01/TEST-30/r1-consolidated.csv"
"SRC137","FUND_0257","Whitehall Street V-S & VI-S","Whitehall Street V-S & VI-S","","Goldman Sachs","Pennsylvania Public School Employees' Retirement System (PSERS)","","lp_position","3","2026-08-17.r1-consolidated","ledgers/working/round01/TEST-30/r1-consolidated.csv"
"SRC137","FUND_0258","Whitehall Street VII & VIII","Whitehall Street VII & VIII","","Goldman Sachs","Pennsylvania Public School Employees' Retirement System (PSERS)","","lp_position","3","2026-08-17.r1-consolidated","ledgers/working/round01/TEST-30/r1-consolidated.csv"
"SRC137","FUND_0259","William E Simon & Sons","William E Simon & Sons","","William E. Simon & Sons, L.L.C.","Pennsylvania Public School Employees' Retirement System (PSERS)","","lp_position","3","2026-08-17.r1-consolidated","ledgers/working/round01/TEST-30/r1-consolidated.csv"
"SRC247","FUND_0246","Starwood Real Estate Income Trust, Inc.","Starwood Real Estate Income Trust, Inc.","MGR_0004","Starwood REIT Advisors, L.L.C.","","","fund_total","1","2026-08-17.r1-consolidated","ledgers/working/round01/TEST-30/r1-consolidated.csv"
"SRC462","FUND_0156","Global Infrastructure Partners II-C, L.P.","Global Infrastructure Partners II-C, L.P.","","Global Infrastructure Partners","Northumberland County Council acting in its capacity as the administering authority for the Northumberland County Council Pension Fund","","lp_position","1","2026-08-17.r1-consolidated","ledgers/working/round01/TEST-30/r1-consolidated.csv"
"SRC463","FUND_0157","ANTIN INFRASTRUCTURE PARTNERS II LP","ANTIN INFRASTRUCTURE PARTNERS II LP","","Antin Infrastructure Partners","Northumberland County Council acting in its capacity as the administering authority for the Northumberland County Council Pension Fund","","lp_position","1","2026-08-17.r1-consolidated","ledgers/working/round01/TEST-30/r1-consolidated.csv"
