"pair_id","pair_status","requires_review","source_page","record_family","source_table","source_row_label","source_column_label","source_occurrence","metric_category","term_category","a_row_number","b_row_number","difference_fields"
"PAIR_A3F00350A4352988F51D986D","CLASSIFICATION_CONFLICT","YES","11","ddq_quantitative_observation","FUND ASSETS","List the total assets under management and their respective changes over the last year","Answer","1","aum","","21","34","source_section|source_column_label|source_occurrence|subject_name|metric_name|evidence_quote"
"PAIR_FA5ADA56A57E49F19975D4B0","B_ONLY","YES","11","ddq_quantitative_observation","FUND ASSETS","List the total assets under management and their respective changes over the last year","UNLABELED_COLUMN_1","1","aum","","","33",""
"PAIR_C0ED4FF56E5D8219EBBB95D9","CLASSIFICATION_CONFLICT","YES","11","ddq_quantitative_observation","FUND ASSETS","Please list the size of assets by investment vehicle","Answer","1","aum","","22","35","source_section|source_column_label|subject_name|metric_name"
"PAIR_61204684546E41EA237AB53E","CLASSIFICATION_CONFLICT","YES","11","ddq_quantitative_observation","FUND ASSETS","Please list the size of assets by investment vehicle","Answer","2","aum","","23","36","source_section|source_column_label|subject_name|metric_name"
"PAIR_56FAC7CCB312076E32151F14","CONTEXT_CONFLICT","YES","11","ddq_quantitative_observation","FUND ASSETS","Please list the size of assets by investment vehicle","Answer","3","aum","","24","37","source_section|source_column_label|metric_name"
"PAIR_CC08BA08D389BC256BDF9BC0","CLASSIFICATION_CONFLICT","YES","11","ddq_quantitative_observation","FUND ASSETS","Please list the size of the fund's net assets","Answer","1","aum","","25","38","source_section|source_column_label|subject_name|metric_name|evidence_quote"
"PAIR_06FCCACB843BEFF506B46CBE","B_ONLY","YES","11","ddq_quantitative_observation","FUND ASSETS","What percentage of assets is represented by the largest investor","UNLABELED_COLUMN_1","1","ownership_percentage","","","39",""
"PAIR_0F7BA27DBF951640C8CA43E9","A_ONLY","YES","11","ddq_quantitative_observation","FUND ASSETS","What percentage of assets is represented by the largest investor?","Answer","1","ownership_percentage","","26","",""
"PAIR_E23D586503F426C7E86D0F93","A_ONLY","YES","13","document_context","DOCUMENT","DOCUMENT","","1","","","29","",""
"PAIR_8992E88AF3D5E40E19C33C93","CLASSIFICATION_CONFLICT","YES","13","ddq_quantitative_observation","MANAGER TRACK RECORD","Number of portfolios/accounts managed by the company","Answer","1","aum","","27","40","source_section|source_column_label|subject_name|metric_name"
"PAIR_B979A7B0023EEB2DB727D60E","CLASSIFICATION_CONFLICT","YES","13","ddq_quantitative_observation","MANAGER TRACK RECORD","Total assets managed/advised by the company","Answer","1","aum","","28","41","source_section|source_column_label|subject_type|subject_name|evidence_quote"
"PAIR_019D3D08AF62B4C8F1707957","B_ONLY","YES","14","ddq_quantitative_observation","INVESTMENT STRATEGY","Net Leverage","UNLABELED_COLUMN_1","1","leverage","","","42",""
"PAIR_E022C0E79271388FDFB18A6A","B_ONLY","YES","15","ddq_quantitative_observation","INVESTMENT STRATEGY","How do you deal with redemptions?","UNLABELED_COLUMN_1","1","redemption_notice","","","43",""
"PAIR_42CAACD3ACB840F0FF88DD40","B_ONLY","YES","15","ddq_quantitative_observation","INVESTMENT STRATEGY","How do you deal with redemptions?","UNLABELED_COLUMN_1","2","redemption_notice","","","44",""
"PAIR_EF8825EAD8FFE5A8E98B4B3A","B_ONLY","YES","15","ddq_quantitative_observation","INVESTMENT STRATEGY","How do you deal with redemptions?","UNLABELED_COLUMN_1","3","redemption_notice","","","45",""
"PAIR_FC95CB18FD236C81FEE39057","CLASSIFICATION_CONFLICT","YES","16","ddq_quantitative_observation","RISK MANAGEMENT","Discuss position and stop-loss limits and their management","Answer","1","position_limit","","31","49","source_section|source_column_label|subject_name|metric_name"
"PAIR_6DF6681D1A56E4033F0B0BC3","CLASSIFICATION_CONFLICT","YES","16","ddq_quantitative_observation","RISK MANAGEMENT","Discuss position and stop-loss limits and their management","Answer","2","position_limit","","32","50","source_section|source_column_label|subject_name|metric_name"
"PAIR_3C3DC3B040C073AC5DB76E8E","A_ONLY","YES","16","ddq_quantitative_observation","RISK MANAGEMENT","Discuss position and stop-loss limits and their management","Answer","3","position_limit","","33","",""
"PAIR_4A0E32F3A422A11F264AB215","B_ONLY","YES","16","ddq_quantitative_observation","RISK MANAGEMENT","Discuss position and stop-loss limits and their management","UNLABELED_COLUMN_1","3","position_limit","","","51",""
"PAIR_B53F08338CA965872D620BE6","CLASSIFICATION_CONFLICT","YES","16","ddq_quantitative_observation","LEVERAGE","Discuss your leverage exposure policy and its management over different market cycles","Answer","1","leverage","","30","46","source_section|source_column_label|subject_name|metric_name"
"PAIR_05E5BA87A43E36CEC579825F","B_ONLY","YES","16","ddq_quantitative_observation","LEVERAGE","Discuss your leverage exposure policy and its management over different market cycles","UNLABELED_COLUMN_1","2","leverage","","","47",""
"PAIR_DC702799F1841426844E8C6D","B_ONLY","YES","16","ddq_quantitative_observation","LEVERAGE","Discuss your leverage exposure policy and its management over different market cycles","UNLABELED_COLUMN_1","3","leverage","","","48",""
"PAIR_13C2DA7534FE5D15F437E454","A_ONLY","YES","17","ddq_quantitative_observation","EXTERNAL CONTROLS","Please describe the operational risk management policy","Answer","1","service_provider_count","","34","",""
"PAIR_0F24BC9DF9961A7A8785386E","B_ONLY","YES","17","ddq_quantitative_observation","RISK MANAGEMENT","Please describe the operational risk management policy","UNLABELED_COLUMN_1","1","service_provider_count","","","52",""
"PAIR_D221F60123F6546FFA8F06BA","A_ONLY","YES","19","ddq_quantitative_observation","COMPLIANCE","Who is responsible for compliance in the company?","Answer","1","staff_count","","35","",""
"PAIR_F0C991711A385A191F04E79D","A_ONLY","YES","19","ddq_quantitative_observation","COMPLIANCE","Who is responsible for compliance in the company?","Answer","2","staff_count","","36","",""
"PAIR_1A5D1225F01B8883A7AA5C4D","B_ONLY","YES","4","document_context","DOCUMENT","DOCUMENT","","1","","","","2",""
"PAIR_8B2D8664C5218E2765CCBEA8","B_ONLY","YES","4","ddq_quantitative_observation","COMPANY","Please give a brief history of the company:","UNLABELED_COLUMN_1","1","aum","","","1",""
"PAIR_8ACD747A3CEA222D8A2F24BB","B_ONLY","YES","5","ddq_quantitative_observation","COMPANY","Please list the total assets under management by the company across its different categories of client including the fund:","UNLABELED_COLUMN_1","1","aum","","","3",""
"PAIR_728C2E7921B79A30D17C1294","A_ONLY","YES","6","ddq_quantitative_observation","OWNERSHIP","Describe the company's ownership structure, name of its owners, their percentage ownership, and their role within the company","Answer","1","ownership_percentage","","11","",""
"PAIR_A4988668A485FCF8F7526741","A_ONLY","YES","6","ddq_quantitative_observation","OWNERSHIP","Describe the company's ownership structure, name of its owners, their percentage ownership, and their role within the company","Answer","2","ownership_percentage","","12","",""
"PAIR_33AAFA9CCA2D614CA1D2AF85","A_ONLY","YES","6","ddq_quantitative_observation","OWNERSHIP","Describe the company's ownership structure, name of its owners, their percentage ownership, and their role within the company","Answer","3","ownership_percentage","","13","",""
"PAIR_3E4721051BD1DB52170138C5","B_ONLY","YES","6","ddq_quantitative_observation","OWNERSHIP","Describe the company's ownership structure, name of its owners, their percentage ownership, and their role within the company:","UNLABELED_COLUMN_1","1","ownership_percentage","","","14",""
"PAIR_35AC3CECE5A015A28CA22612","B_ONLY","YES","6","ddq_quantitative_observation","OWNERSHIP","Describe the company's ownership structure, name of its owners, their percentage ownership, and their role within the company:","UNLABELED_COLUMN_1","2","ownership_percentage","","","15",""
"PAIR_CADA0D8FC368F8EDC59BE085","B_ONLY","YES","6","ddq_quantitative_observation","OWNERSHIP","Describe the company's ownership structure, name of its owners, their percentage ownership, and their role within the company:","UNLABELED_COLUMN_1","3","ownership_percentage","","","16",""
"PAIR_F856BE24F029B814439B3E34","B_ONLY","YES","6","ddq_quantitative_observation","OWNERSHIP","Describe the company's ownership structure, name of its owners, their percentage ownership, and their role within the company:","UNLABELED_COLUMN_1","4","ownership_percentage","","","17",""
"PAIR_A4B2BF9C545D809489C26A83","CLASSIFICATION_CONFLICT","YES","6","ddq_quantitative_observation","ORGANISATION","How many full-time employees are there?","Answer","1","staff_count","","5","8","source_section|source_column_label|subject_type|subject_name|metric_name"
"PAIR_28C55C5ECEC08B93003A3885","CLASSIFICATION_CONFLICT","YES","6","ddq_quantitative_observation","ORGANISATION","How many full-time employees are there?","Answer","2","staff_count","","6","9","source_section|source_column_label|subject_type|subject_name|metric_name"
"PAIR_99849010088E64FF8F15CC91","A_ONLY","YES","6","ddq_quantitative_observation","ORGANISATION","How many investment professionals (portfolio managers, analysts, etc) in the company?","Answer","1","staff_count","","7","",""
"PAIR_3A89B47A13AF02E31632EF88","A_ONLY","YES","6","ddq_quantitative_observation","ORGANISATION","How many investment professionals (portfolio managers, analysts, etc) in the company?","Answer","2","staff_count","","8","",""
"PAIR_E11903AC2AA36BF415353456","A_ONLY","YES","6","ddq_quantitative_observation","ORGANISATION","How many investment professionals (portfolio managers, analysts, etc) in the company?","Answer","3","staff_count","","9","",""
"PAIR_43404F24B5113E19FA5F2503","A_ONLY","YES","6","ddq_quantitative_observation","ORGANISATION","How many investment professionals (portfolio managers, analysts, etc) in the company?","Answer","4","staff_count","","10","",""
"PAIR_540C27541AECE542730A7CC6","B_ONLY","YES","6","ddq_quantitative_observation","ORGANISATION","How many investment professionals (portfolio managers, analysts, etc.) in the company?","UNLABELED_COLUMN_1","1","staff_count","","","10",""
"PAIR_CD6CDC677DD4D63D65D01C96","B_ONLY","YES","6","ddq_quantitative_observation","ORGANISATION","How many investment professionals (portfolio managers, analysts, etc.) in the company?","UNLABELED_COLUMN_1","2","staff_count","","","11",""
"PAIR_1DDE2FFA894490C54E18CA62","B_ONLY","YES","6","ddq_quantitative_observation","ORGANISATION","How many investment professionals (portfolio managers, analysts, etc.) in the company?","UNLABELED_COLUMN_1","3","staff_count","","","12",""
"PAIR_6BCA784E13A84F7E6029963A","B_ONLY","YES","6","ddq_quantitative_observation","ORGANISATION","How many investment professionals (portfolio managers, analysts, etc.) in the company?","UNLABELED_COLUMN_1","4","staff_count","","","13",""
"PAIR_EDAAAD5BDFC0FB5CFE1A7D24","A_ONLY","YES","6","ddq_quantitative_observation","COMPANY","Please list the total assets under management","Answer","1","aum","","1","",""
"PAIR_EBB76F03D4F8A29E3010D67D","A_ONLY","YES","6","ddq_quantitative_observation","COMPANY","Please list the total assets under management","Answer","2","aum","","2","",""
"PAIR_5DE7D7325DB4817D65A70FC5","A_ONLY","YES","6","ddq_quantitative_observation","COMPANY","Please list the total assets under management","Answer","3","aum","","3","",""
"PAIR_31852477CBC5AFFA07BB2886","A_ONLY","YES","6","ddq_quantitative_observation","COMPANY","Please list the total assets under management","Answer","4","aum","","4","",""
"PAIR_BCBB8C92E8B69B4CACA5D73F","B_ONLY","YES","6","ddq_quantitative_observation","COMPANY","Please list the total assets under management by the company across its different categories of client including the fund:","UNLABELED_COLUMN_1","1","aum","","","4",""
"PAIR_CD191E0576C212DB8157B9BD","B_ONLY","YES","6","ddq_quantitative_observation","COMPANY","Please list the total assets under management by the company across its different categories of client including the fund:","UNLABELED_COLUMN_1","2","aum","","","5",""
"PAIR_FB4CAE90D2E7AAEE010434A5","B_ONLY","YES","6","ddq_quantitative_observation","COMPANY","Please list the total assets under management by the company across its different categories of client including the fund:","UNLABELED_COLUMN_1","3","aum","","","6",""
"PAIR_A04845290B11D1125C755DC4","B_ONLY","YES","6","ddq_quantitative_observation","COMPANY","Please list the total assets under management by the company across its different categories of client including the fund:","UNLABELED_COLUMN_1","4","aum","","","7",""
"PAIR_2659AC5977113F961E7F6D22","B_ONLY","YES","7","ddq_quantitative_observation","FUND DETAILS","Fund structure","UNLABELED_COLUMN_1","1","leverage","","","23",""
"PAIR_D74DC7668020AB11041F4171","B_ONLY","YES","7","ddq_quantitative_observation","FUND DETAILS","Fund structure","UNLABELED_COLUMN_1","2","leverage","","","24",""
"PAIR_703B5E7719CFB78F49817E84","CLASSIFICATION_CONFLICT","YES","7","ddq_quantitative_observation","FEES","Incentive fee","Answer","1","performance_fee","","14","18","source_section|source_column_label|subject_name"
"PAIR_85D5CED2F6CE42950F085368","CLASSIFICATION_CONFLICT","YES","7","ddq_quantitative_observation","FEES","Management fee","Answer","1","management_fee","","15","19","source_section|source_column_label|subject_name|evidence_quote"
"PAIR_9EF82A1A581A5D80BF57C03D","B_ONLY","YES","7","ddq_quantitative_observation","FEES","Redemption fee","UNLABELED_COLUMN_1","1","redemption_notice","","","20",""
"PAIR_F1AF28FE503ABDF2D50E64D1","B_ONLY","YES","7","ddq_quantitative_observation","FEES","Redemption fee","UNLABELED_COLUMN_1","2","redemption_notice","","","21",""
"PAIR_1431714CC2A89B5E635D55D2","B_ONLY","YES","7","ddq_quantitative_observation","FEES","Redemption fee","UNLABELED_COLUMN_1","3","redemption_notice","","","22",""
"PAIR_A511F199E106659D1FB3C17E","A_ONLY","YES","8","ddq_quantitative_observation","INVESTMENT/REDEMPTION AND LOCK UP TERMS","Does the fund have any lock-up period or any other liquidity constraints?","Answer","1","lockup","","16","",""
"PAIR_9A3A470ACEA010ACC5C30DEA","B_ONLY","YES","8","ddq_quantitative_observation","INVESTMENT/REDEMPTION AND LOCK UP TERMS","Does the fund have any lock-up period or any other liquidity constraints?","UNLABELED_COLUMN_1","1","lockup","","","25",""
"PAIR_E7BFE7B3E4B500FA6DFC160C","CLASSIFICATION_CONFLICT","YES","8","ddq_quantitative_observation","INVESTMENT/REDEMPTION AND LOCK UP TERMS","Minimum initial Investment","Answer","1","minimum_investment","","17","26","source_section|source_column_label|subject_name|currency_scale|evidence_quote"
"PAIR_CF4DEB97DB7CC36AD614D0BE","CLASSIFICATION_CONFLICT","YES","8","ddq_quantitative_observation","INVESTMENT/REDEMPTION AND LOCK UP TERMS","Redemption cash proceeds time period","Answer","1","liquidity","","18","27","source_section|source_column_label|subject_name|horizon|metric_name"
"PAIR_55EC2FBA4B7D2E8698D1B083","B_ONLY","YES","8","ddq_quantitative_observation","INVESTMENT/REDEMPTION AND LOCK UP TERMS","Redemption cash proceeds time period","UNLABELED_COLUMN_1","2","liquidity","","","28",""
"PAIR_67FD7EFBC9509743A9C3AD44","B_ONLY","YES","8","ddq_quantitative_observation","INVESTMENT/REDEMPTION AND LOCK UP TERMS","Redemption cash proceeds time period","UNLABELED_COLUMN_1","3","liquidity","","","29",""
"PAIR_2FFA995228F41174F46B8EEC","A_ONLY","YES","8","ddq_quantitative_observation","INVESTMENT/REDEMPTION AND LOCK UP TERMS","Redemption notice period","Answer","1","redemption_notice","","19","",""
"PAIR_2F1CF5AB7A02EBD43E29FFD3","A_ONLY","YES","8","ddq_quantitative_observation","INVESTMENT/REDEMPTION AND LOCK UP TERMS","Redemption notice period","Answer","2","redemption_notice","","20","",""
"PAIR_B26CA08C5DDA96384851E28D","B_ONLY","YES","8","ddq_quantitative_observation","INVESTMENT/REDEMPTION AND LOCK UP TERMS","Redemption notice period","UNLABELED_COLUMN_1","1","redemption_notice","","","30",""
"PAIR_1D19D77981323D976B3368D4","B_ONLY","YES","8","ddq_quantitative_observation","INVESTMENT/REDEMPTION AND LOCK UP TERMS","Redemption notice period","UNLABELED_COLUMN_1","2","redemption_notice","","","31",""
"PAIR_2A4E7AFCE535DEB724725D88","B_ONLY","YES","8","ddq_quantitative_observation","INVESTMENT/REDEMPTION AND LOCK UP TERMS","Redemption notice period","UNLABELED_COLUMN_1","3","redemption_notice","","","32",""
