"file_id","source_page","row_index","source_row_label","column_index","column_x","source_column_label","value_raw"
"SRC371","1","1","For","2","118","","2024"
"SRC371","1","1","For","7","354","Foundation",","
"SRC371","1","2","630","3","154","","2200"
"SRC371","1","2","630","8","416","","212 649"
"SRC371","1","3","NEW","2","118","","10111"
"SRC371","1","4","G","8","416","","1."
"SRC371","1","5","(from","2","118","","16)"
"SRC371","1","6","euneveR","3","154","","1,013,800,981."
"SRC371","1","7","sesnepxE","5","200","","3"
"SRC371","1","7","sesnepxE","6","267","","62,996."
"SRC371","1","7","sesnepxE","7","354","","29,904."
"SRC371","1","7","sesnepxE","9","526","","33,092."
"SRC371","1","8","evitartsinimdA","1","53","15 Pension","17"
"SRC371","1","9","dna","6","267","","53,770."
"SRC371","1","9","dna","8","416","","0."
"SRC371","1","9","dna","9","526","","53,770."
"SRC371","1","10","gnitarepO","1","53","15 Pension","23"
"SRC371","1","11","LHA","10","560","","(2024)"
"SRC371","1","12","10271111","1","53","15 Pension","153424"
"SRC371","1","12","10271111","6","267","","2024.05000"
"SRC371","1","12","10271111","9","526","","01706651"
"SRC371","2","1","Form 990-PF (2024) ALFRED P. SLOAN FOUNDATION","6","565","","2"
"SRC371","2","2","Investments - U.S. and state government obligations S TM T 9","2","334","","5,640,127."
"SRC371","2","2","Investments - U.S. and state government obligations S TM T 9","3","423","","8,322,053."
"SRC371","2","2","Investments - U.S. and state government obligations S TM T 9","5","519","","8,322,053."
"SRC371","2","3","STMT 10","2","334","","207,341,033."
"SRC371","2","3","STMT 10","3","423","","253,193,012."
"SRC371","2","3","STMT 10","5","519","","253,193,012."
"SRC371","2","4","STMT 11","2","334","","1,833,474,789."
"SRC371","2","4","STMT 11","3","423","","1,828,159,934."
"SRC371","2","4","STMT 11","5","519","","1,828,159,934."
"SRC371","2","5","OPERATING RIGHT-OF-USE ASSETS","2","334","","13,065,337."
"SRC371","2","5","OPERATING RIGHT-OF-USE ASSETS","3","423","","11,151,649."
"SRC371","2","5","OPERATING RIGHT-OF-USE ASSETS","5","519","","11,151,649."
"SRC371","2","6","STATEMENT 12","2","334","","31,721,972."
"SRC371","2","6","STATEMENT 12","3","423","","28,048,217."
"SRC371","2","7","1 Total net assets or fund balances at beginning of year - Part II, column (a), line","1","299","","29"
"SRC371","2","8","(must agree with end-of-year figure reported on prior year's return)","5","519","","2,004,010,449."
"SRC371","2","9","~~~~~~~~~~~~~~~~~~~~~~~~~~~","4","474","","1"
"SRC371","2","10","Enter amount from Part I, line 27a","5","519","","79,525,769."
"SRC371","2","11","2 ~~~~~~~~~~~~~~~~~~~~~~~~~~~~~~~~~~~~~~~~~~","4","474","","2"
"SRC371","2","12","Other increases not included in line 2 (itemize)","6","565","","0."
"SRC371","2","13","3","4","474","","3"
"SRC371","2","14","Add lines 1, 2, and 3","5","519","","2,083,536,218."
"SRC371","2","15","4 ~~~~~~~~~~~~~~~~~~~~~~~~~~~~~~~~~~~~~~~~~~~~~~~~","4","474","","4"
"SRC371","2","16","Decreases not included in line 2 (itemize)","3","423","","8"
"SRC371","2","16","Decreases not included in line 2 (itemize)","5","519","","14,606,506."
"SRC371","2","17","5","4","474","","5"
"SRC371","2","18","6 Total net assets or fund balances at end of year (line 4 minus line 5) - Part II, column","2","334","","29"
"SRC371","2","18","6 Total net assets or fund balances at end of year (line 4 minus line 5) - Part II, column","4","474","","6"
"SRC371","3","1","Form 990-PF (2024) ALFRED P. SLOAN FOUNDATION","5","565","","3"
"SRC371","3","2","1,013,800,981. 960,851,329.","4","526","(g))","113,745,250."
"SRC371","3","3","2 Capital gain net income or (net capital loss) If (loss), enter -0- in Part I, line 7 ~~~~~~","1","397","","2"
"SRC371","3","4","Part I, line 8","1","397","","3"
"SRC371","3","5","Part V Excise Tax Based on Investment Income (Section 4940(a), 4940(b),","1","397","","4948"
"SRC371","3","6","1a Exempt operating foundations described in section 4940(d)(2), check here ~ and enter ""N/A"" on line","1","397","","1."
"SRC371","3","7","Date of ruling or determination letter: (attach copy of letter if necessary - see instructions)","3","456","","1"
"SRC371","3","8","2 Tax under section 511 (domestic section 4947(a)(1) trusts and taxable foundations only; others, enter -0-)","3","456","instructions)","2"
"SRC371","3","9","3 Add lines 1 and 2 ~~~~~~~~~~~~~~~~~~~~~~~~~~~~~~~~~~~~~~~~~~~~~","3","456","instructions)","3"
"SRC371","3","10","4 Subtitle A (income) tax (domestic section 4947(a)(1) trusts and taxable foundations only; others, enter -0-)","3","456","instructions)","4"
"SRC371","3","11","5 Tax based on investment income. Subtract line 4 from line 3. If zero or less, enter -0- ~~~~~~~~~~~~~~~","3","456","instructions)","5"
"SRC371","3","12","7 Total credits and payments. Add lines 6a through 6d ~~~~~~~~~~~~~~~~~~~~~~~~~~~~~~","3","456","","7"
"SRC371","3","13","~~~~~~~~~~","5","565","","0."
"SRC371","3","14","8 Enter any penalty for underpayment of estimated tax. Check here if Form 2220 is attached","3","456","","8"
"SRC371","3","15","9 Tax due. If the total of lines 5 and 8 is more than line 7, enter amount owed ~~~~~~~~~~~~~~~~~~~","3","456","","9"
"SRC371","3","16","10 Overpayment. If line 7 is more than the total of lines 5 and 8, enter the amount overpaid ~~~~~~~~~~~~~~","3","456","","10"
"SRC371","3","17","2,311,640.","5","565","","0."
"SRC371","3","18","11 Enter the amount of line 10 to be: Credited to 2025 estimated tax","3","456","","11"
"SRC371","4","1","10271111","2","77","","153424"
"SRC371","4","1","10271111","6","294","","2024.05000"
"SRC371","4","1","10271111","8","521","","01706651"
"SRC371","5","1","Part","7","329","","4720"
"SRC371","5","2","2","4","201","P. SLOAN FOUNDATION","4942)"
"SRC371","5","3","10271111","2","77","(2024)","153424"
"SRC371","5","3","10271111","6","293","","2024.05000"
"SRC371","6","1","Form 990-PF (2024) ALFRED P. SLOAN FOUNDATION","5","565","","6"
"SRC371","6","2","Part VI-B Statements Regarding Activities for Which","2","335","","4720"
"SRC371","6","3","8 Is the foundation subject to the section 4960 tax on payment(s) of more than","1","300","","$1,000,000"
"SRC371","6","4","SEE STATEMENT 15","3","421","enter -0-)","2116050"
"SRC371","6","4","SEE STATEMENT 15","4","483","compensation","166750."
"SRC371","6","4","SEE STATEMENT 15","5","565","allowances","0."
"SRC371","6","5","SUITE 2200, NEW YORK, NY 10111","2","335","INVT. OFFICER","40.00"
"SRC371","6","5","SUITE 2200, NEW YORK, NY 10111","3","421","(THRU 09/2024)","1,335,736."
"SRC371","6","5","SUITE 2200, NEW YORK, NY 10111","4","483","","77,241."
"SRC371","6","5","SUITE 2200, NEW YORK, NY 10111","5","565","","0."
"SRC371","6","6","STE 2200, NEW YORK, NY 10111","2","335","INVT. OFFICER","40.00"
"SRC371","6","6","STE 2200, NEW YORK, NY 10111","3","421","(THRU 09/2024)","870,547."
"SRC371","6","6","STE 2200, NEW YORK, NY 10111","4","483","","60,375."
"SRC371","6","6","STE 2200, NEW YORK, NY 10111","5","565","","0."
"SRC371","6","7","SUITE 2200, NEW YORK, NY 10111","2","335","INVT. OFFICER","40.00"
"SRC371","6","7","SUITE 2200, NEW YORK, NY 10111","3","421","(THRU 09/2024)","551,335."
"SRC371","6","7","SUITE 2200, NEW YORK, NY 10111","4","483","","83,375."
"SRC371","6","7","SUITE 2200, NEW YORK, NY 10111","5","565","","0."
"SRC371","6","8","SUITE 2200, NEW YORK, NY 10111","2","335","INVT. OFFICER","40.00"
"SRC371","6","8","SUITE 2200, NEW YORK, NY 10111","3","421","(THRU 09/2024)","551,335."
"SRC371","6","8","SUITE 2200, NEW YORK, NY 10111","4","483","","83,375."
"SRC371","6","8","SUITE 2200, NEW YORK, NY 10111","5","565","","0."
"SRC371","6","9","SUITE 2200, NEW YORK, NY 10111","2","335","INVT. OFFICER","40.00"
"SRC371","6","9","SUITE 2200, NEW YORK, NY 10111","3","421","(THRU 09/2024)","558,612."
"SRC371","6","9","SUITE 2200, NEW YORK, NY 10111","4","483","","51,275."
"SRC371","6","9","SUITE 2200, NEW YORK, NY 10111","5","565","","0."
"SRC371","7","1","10271111","2","78","","153424"
"SRC371","7","1","10271111","5","277","","2024.05000"
"SRC371","7","1","10271111","6","536","","01706651"
"SRC371","10","1","10271111","3","77","submission deadlines:","153424"
"SRC371","10","1","10271111","5","277","","2024.05000"
"SRC371","11","1","ALFRED P. SLOAN FOUNDATION 13-1623877","2","560","","11"
"SRC371","11","2","SEE CONTINUATION SHEET(S)","1","522","","89,001,751."
"SRC371","11","3","SEE CONTINUATION SHEET(S)","1","522","","66,569,254."
"SRC371","11","4","Form","2","560","","(2024)"
"SRC371","11","5","10271111 153424 0170665-00001 2024.05000 ALFRED P. SLOAN FOUNDATIO","1","522","","01706651"
"SRC371","26","1","10271111","2","83","","153424"
"SRC371","29","1","P.O. BOX","1","78","Name and Address","838"
"SRC371","29","2","STURGIS,","1","78","Name and Address","57785"
"SRC371","29","3","OPPORTUNITIES,","2","300","Grant","10"
"SRC371","29","4","10271111","1","78","","153424"
"SRC371","29","4","10271111","2","300","","2024.05000"
"SRC371","137","1","(LPS) 0.","2","316","PER","0."
"SRC371","137","1","(LPS) 0.","4","442","MENT INCOME","11,750,746."
"SRC371","137","2","(STOCKS & BONDS) 20,040,423.","2","316","PER","0."
"SRC371","137","2","(STOCKS & BONDS) 20,040,423.","3","367","BOOKS","20,040,423."
"SRC371","137","2","(STOCKS & BONDS) 20,040,423.","4","442","MENT INCOME","11,280,692."
"SRC371","137","3","TO PART I, LINE 4 20,040,423.","2","316","PER","0."
"SRC371","137","3","TO PART I, LINE 4 20,040,423.","3","367","BOOKS","20,040,423."
"SRC371","137","3","TO PART I, LINE 4 20,040,423.","4","442","MENT INCOME","23,031,438."
"SRC371","137","4","FORM 990-PF OTHER","6","557","INCOME","2"
"SRC371","137","5","INCOME FROM LIMITED PARTNERSHIPS","3","367","MENT","0."
"SRC371","137","5","INCOME FROM LIMITED PARTNERSHIPS","4","442","INCOME","6,680,851."
"SRC371","137","6","REFUNDED GRANTS","3","367","MENT","548,338."
"SRC371","137","6","REFUNDED GRANTS","5","477","NET","0."
"SRC371","137","7","GRANT TRANSFERS","3","367","MENT","775,253."
"SRC371","137","7","GRANT TRANSFERS","5","477","NET","0."
"SRC371","137","8","MISCELLANEOUS","3","367","MENT","5,583."
"SRC371","137","8","MISCELLANEOUS","5","477","NET","0."
"SRC371","137","9","TOTAL TO FORM 990-PF, PART I, LINE","1","278","","11"
"SRC371","137","9","TOTAL TO FORM 990-PF, PART I, LINE","3","367","MENT","1,329,174."
"SRC371","137","9","TOTAL TO FORM 990-PF, PART I, LINE","4","442","INCOME","6,680,851."
"SRC371","137","10","GENERAL ADMINISTRATION","1","278","","3,024."
"SRC371","137","10","GENERAL ADMINISTRATION","3","367","INCOME","504."
"SRC371","137","10","GENERAL ADMINISTRATION","6","557","","2,520."
"SRC371","137","11","INVESTMENT LEGAL","1","278","","23,379."
"SRC371","137","11","INVESTMENT LEGAL","3","367","INCOME","23,379."
"SRC371","137","11","INVESTMENT LEGAL","6","557","","0."
"SRC371","137","12","PROGRAM LEGAL","1","278","","36,593."
"SRC371","137","12","PROGRAM LEGAL","3","367","INCOME","6,021."
"SRC371","137","12","PROGRAM LEGAL","6","557","","30,572."
"SRC371","137","13","TO FM 990-PF, PG 1, LN 16A","1","278","","62,996."
"SRC371","137","13","TO FM 990-PF, PG 1, LN 16A","3","367","INCOME","29,904."
"SRC371","137","13","TO FM 990-PF, PG 1, LN 16A","6","557","","33,092."
"SRC371","138","1","AUDIT AND TAX PREPARATION","2","274","PER BOOKS","198,461."
"SRC371","138","1","AUDIT AND TAX PREPARATION","4","365","INCOME","43,635."
"SRC371","138","1","AUDIT AND TAX PREPARATION","6","557","","87,026."
"SRC371","138","2","TO FORM 990-PF, PG 1, LN","2","274","PER BOOKS","198,461."
"SRC371","138","2","TO FORM 990-PF, PG 1, LN","4","365","INCOME","43,635."
"SRC371","138","2","TO FORM 990-PF, PG 1, LN","6","557","","87,026."
"SRC371","138","3","FORM 990-PF","6","557","","5"
"SRC371","138","4","FEES","2","274","PER BOOKS","2,486,967."
"SRC371","138","4","FEES","4","365","INCOME","2,462,098."
"SRC371","138","4","FEES","6","557","","0."
"SRC371","138","5","GENERAL ADMINISTRATION","2","274","PER BOOKS","654,813."
"SRC371","138","5","GENERAL ADMINISTRATION","4","365","INCOME","108,066."
"SRC371","138","5","GENERAL ADMINISTRATION","6","557","","545,655."
"SRC371","138","6","PROGRAM PROFESSIONAL FEES","2","274","PER BOOKS","492,270."
"SRC371","138","6","PROGRAM PROFESSIONAL FEES","5","393","NET","0."
"SRC371","138","6","PROGRAM PROFESSIONAL FEES","6","557","","492,270."
"SRC371","138","7","TO FORM 990-PF, PG 1, LN","2","274","PER BOOKS","3,634,050."
"SRC371","138","7","TO FORM 990-PF, PG 1, LN","4","365","INCOME","2,570,164."
"SRC371","138","8","FORM 990-PF","6","557","","6"
"SRC371","138","9","PROVISION FOR EXCISE TAX","2","274","PER BOOKS","2,250,000."
"SRC371","138","9","PROVISION FOR EXCISE TAX","5","393","NET","0."
"SRC371","138","9","PROVISION FOR EXCISE TAX","6","557","","0."
"SRC371","138","10","FOREIGN TAXES PAID (LPS)","3","302","MENT","0."
"SRC371","138","10","FOREIGN TAXES PAID (LPS)","4","365","INCOME","655,014."
"SRC371","138","10","FOREIGN TAXES PAID (LPS)","6","557","","0."
"SRC371","138","11","TO FORM 990-PF, PG 1, LN","1","206","","18"
"SRC371","138","11","TO FORM 990-PF, PG 1, LN","2","274","PER BOOKS","2,250,000."
"SRC371","138","11","TO FORM 990-PF, PG 1, LN","4","365","INCOME","655,014."
"SRC371","138","11","TO FORM 990-PF, PG 1, LN","6","557","","0."
"SRC371","138","12","OFFICE EXPENSES","2","274","PER BOOKS","838,026."
"SRC371","138","12","OFFICE EXPENSES","4","365","INCOME","139,646."
"SRC371","138","12","OFFICE EXPENSES","6","557","","698,380."
"SRC371","138","13","PROGRAM SUPPORT","2","274","PER BOOKS","341,429."
"SRC371","138","13","PROGRAM SUPPORT","5","393","NET","0."
"SRC371","138","13","PROGRAM SUPPORT","6","557","","341,429."
"SRC371","138","14","LP INVESTMENT EXPENSES","3","302","MENT","0."
"SRC371","138","14","LP INVESTMENT EXPENSES","4","365","INCOME","16,294,924."
"SRC371","138","14","LP INVESTMENT EXPENSES","6","557","","0."
"SRC371","138","15","TO FORM 990-PF, PG 1, LN","1","206","","23"
"SRC371","138","15","TO FORM 990-PF, PG 1, LN","2","274","PER BOOKS","1,179,455."
"SRC371","138","15","TO FORM 990-PF, PG 1, LN","4","365","INCOME","16,434,570."
"SRC371","139","1","BENEFIT COST","2","531","","731,755."
"SRC371","139","2","UNREALIZED LOSS ON INVESTMETNS","2","531","","13,874,751."
"SRC371","139","3","TOTAL TO FORM 990-PF, PART III, LINE 5","2","531","","14,606,506."
"SRC371","139","4","US AND STATE GOVERNMENT OBLIGATIONS X","1","424","VALUE","8,322,053."
"SRC371","139","4","US AND STATE GOVERNMENT OBLIGATIONS X","2","531","VALUE","8,322,053."
"SRC371","139","5","TOTAL U.S. GOVERNMENT OBLIGATIONS","1","424","VALUE","8,322,053."
"SRC371","139","5","TOTAL U.S. GOVERNMENT OBLIGATIONS","2","531","VALUE","8,322,053."
"SRC371","139","6","TOTAL TO FORM 990-PF, PART II, LINE 10A","1","424","VALUE","8,322,053."
"SRC371","139","6","TOTAL TO FORM 990-PF, PART II, LINE 10A","2","531","VALUE","8,322,053."
"SRC371","139","7","DOMESTIC EQUITIES","1","424","VALUE","82,903,545."
"SRC371","139","7","DOMESTIC EQUITIES","2","531","VALUE","82,903,545."
"SRC371","139","8","MUTUAL FUND EQUITIES","1","424","VALUE","170,289,467."
"SRC371","139","8","MUTUAL FUND EQUITIES","2","531","VALUE","170,289,467."
"SRC371","139","9","TOTAL TO FORM 990-PF, PART II, LINE 10B","1","424","VALUE","253,193,012."
"SRC371","139","9","TOTAL TO FORM 990-PF, PART II, LINE 10B","2","531","VALUE","253,193,012."
"SRC371","139","10","140","2","531","","8, 9,"
"SRC371","139","11","10271111 153424 0170665-00001 2024.05000 ALFRED P.","2","531","","01706651"
"SRC371","140","1","FORM 990-PF OTHER INVESTMENTS","3","558","","11"
"SRC371","140","2","PUBLIC EQUITIES FMV","1","417","VALUE","419,486,848."
"SRC371","140","2","PUBLIC EQUITIES FMV","2","527","VALUE","419,486,848."
"SRC371","140","3","ABOSLUTE RETURN FMV","1","417","VALUE","324,340,918."
"SRC371","140","3","ABOSLUTE RETURN FMV","2","527","VALUE","324,340,918."
"SRC371","140","4","HYBRID FMV","1","417","VALUE","202,736,228."
"SRC371","140","4","HYBRID FMV","2","527","VALUE","202,736,228."
"SRC371","140","5","REAL ESTATE FMV","1","417","VALUE","82,770,021."
"SRC371","140","5","REAL ESTATE FMV","2","527","VALUE","82,770,021."
"SRC371","140","6","PRIVATE EQUITY FMV","1","417","VALUE","617,381,177."
"SRC371","140","6","PRIVATE EQUITY FMV","2","527","VALUE","617,381,177."
"SRC371","140","7","FIXED INCOME FMV","1","417","VALUE","181,444,742."
"SRC371","140","7","FIXED INCOME FMV","2","527","VALUE","181,444,742."
"SRC371","140","8","TOTAL TO FORM 990-PF, PART II, LINE 13 1,828,159,934.","2","527","VALUE","1,828,159,934."
"SRC371","140","9","FORM 990-PF OTHER LIABILITIES","3","558","","12"
"SRC371","140","10","OPERATING LEASE LIABILITIES","1","417","AMOUNT","13,065,337."
"SRC371","140","10","OPERATING LEASE LIABILITIES","2","527","EOY AMOUNT","11,151,649."
"SRC371","140","11","FEDERAL EXCISE TAX PAYABLE","1","417","AMOUNT","14,484,882."
"SRC371","140","11","FEDERAL EXCISE TAX PAYABLE","2","527","EOY AMOUNT","12,092,051."
"SRC371","140","12","OBLIGATION","1","417","AMOUNT","4,171,753."
"SRC371","140","12","OBLIGATION","2","527","EOY AMOUNT","4,804,517."
"SRC371","140","13","TOTAL TO FORM 990-PF, PART II, LINE 22","1","417","AMOUNT","31,721,972."
"SRC371","140","13","TOTAL TO FORM 990-PF, PART II, LINE 22","2","527","EOY AMOUNT","28,048,217."
"SRC371","140","14","141","3","558","","11, 12"
"SRC371","140","15","10271111 153424 0170665-00001 2024.05000 ALFRED P.","2","527","","01706651"
"SRC371","141","1","FORM 990-PF TRANSFERS TO CONTROLLED ENTITIES STATEMENT","3","558","","13"
"SRC371","141","2","TOTAL AMOUNT OF TRANSFERS TO CONTROLLED ENTITIES","1","527","","43,374,662."
"SRC371","141","3","FORM 990-PF SCHEDULE OF CONTROLLED ENTITIES STATEMENT","3","558","","14"
"SRC371","141","4","142 STATEMENT(S)","2","542","","13,"
"SRC371","141","4","142 STATEMENT(S)","3","558","","14"
"SRC371","141","5","10271111 153424 0170665-00001 2024.05000 ALFRED P. SLOAN FOUNDATIO","2","542","","01706651"
"SRC371","146","1","GENERAL EXPLANATION STATEMENT","2","558","","17"
"SRC371","146","2","GENERAL EXPLANATION STATEMENT","2","558","","18"
"SRC371","146","3","147 STATEMENT(S)","1","542","","17,"
"SRC371","146","3","147 STATEMENT(S)","2","558","","18"
"SRC371","146","4","10271111 153424 0170665-00001 2024.05000 ALFRED P. SLOAN FOUNDATIO","1","542","","01706651"
