sample_order,file_id,filename,page_count,review_status,record_groups_observed,new_candidate_fields,new_extension_structures,important_tables_or_sections,notes
1,SRC407,Schedule_Inv_Pomona_Investment_Fund_Holdings_Dec2025.pdf,11,COMPLETE,investment_position; derivative_position; fair_value_summary,as_of_date; position_name; position_category; geographic_region; acquisition_date; cost; fair_value; unfunded_flag; non_income_producing_flag; collateral_pledged_flag,position_attributes (candidate; footnote-derived flags),Consolidated Schedule of Investments pp.1-7; PE direct/primary/early-secondary/secondary sections; short-term investments; forwards; fair-value hierarchy,"384 private-equity position rows. Repeating columns: investment name, geographic region, acquisition date, cost, fair value. Footnotes identify 326 committed-not-fully-funded, 237 non-income-producing, and 293 collateral-pledged positions. NAV-practical-expedient disclosure on p.11."
2,SRC499,Regulatory_SEC_Form_13F_Institutional_Manager_Holdings.pdf,14,COMPLETE,investment_position_template; position_identifier; manager_reporting_fields,security_class; quantity; quantity_type; identifier_type; identifier_value; investment_discretion; voting_authority,position_identifier (candidate child structure),Form 13F Information Table instructions pp.7-9 and blank table p.14,"Reference form, not a populated holdings report. Information Table defines issuer name, title of class, CUSIP/optional FIGI, market value, shares/principal amount and type, investment discretion, other manager, and voting authority. Regulatory-only discretion/voting fields are low-value for the target alts schema."
3,SRC065,Performance_MSBI_Private_Markets_Asset_Listing_Q4_2025.pdf,16.0,COMPLETE,investment_position; manager_subtotal; asset_class_total,asset_class; manager_name; commitment; contributions; distributions; remaining_commitment; investment_multiple; irr; vintage_year,none yet,"Private Markets Investments List of Commitments pp.3-14; PE, Private Credit, Real Assets, Real Estate sections","311 fund-level position rows (footer confirms 311 funds) nested under 103 manager subtotals. Repeating fields: commitment, contributions, distributions, remaining commitment, market value, investment multiple, IRR, vintage year. 286 fund rows print both multiple and IRR; newest/unfunded funds often leave those blank."
4,SRC501,Regulatory_SEC_Form_N_PORT_Monthly_Portfolio_Holdings.pdf,19,COMPLETE,investment_position_template; position_identifier; credit_terms_template; derivative_terms_template,currency; percent_of_net_assets; country; restricted_security_flag; fair_value_level; liquidity_classification; maturity_date; coupon_rate; default_flag; interest_arrears_flag; pik_flag,credit_terms (candidate); position_identifier (reinforced),"Part C Schedule of Portfolio Investments pp.12-19; identification, amount, asset/issuer type, country, liquidity, fair value hierarchy, debt and derivatives","Reference form, not populated holdings. Core Part C requires issuer/title, identifiers, balance/unit type, currency, value, % NAV, asset/issuer type, country, restricted flag and fair-value level. Debt subfields add maturity, coupon, default/arrears/PIK. Derivative-specific detail is too specialized for the compact Schedule_Inv schema unless independently recurring."
5,SRC477,Schedule_Inv_New_Mexico_SIC_Investment_Holdings_Sep2022.pdf,69,COMPLETE,investment_position; allocation_summary; position_activity,position_weight_pct; beginning_value; transfers; fees; income; realized_unrealized_gain_loss; target_weight_pct,"position_activity (candidate, but single-source after 5 docs)",Managed Net Assets p.3; Portfolio Policy pp.4-10; Third Party Allocation pp.11-12; monthly position roll-forwards pp.13-39; quarterly position roll-forwards pp.40-68; notes p.69,Full 69-page TXT reviewed. Original PDF page 14 inspected with word coordinates to verify column alignment: Investment Name | beginning market value | contributions | distributions | transfers | fees | income | realized & unrealized gain/loss | ending market value. 783 non-cash/non-total position rows in clear monthly/quarterly roll-forward tables; 199 allocation rows print position weights. Activity structure is analytically rich but only one independent document at checkpoint 5.
6,SRC359,Schedule_Inv_UTIMCO_PUF_Detail_Schedules_FY2021.pdf,108,COMPLETE,investment_position; credit_terms; investment_fund_liquidity_summary,"none; strong recurrence of quantity, quantity_type, security_class, cost, fair_value, geography, maturity_date, coupon_rate, currency","credit_terms reinforced; investment-fund liquidity summary observed but aggregate, not position-grain",Schedule A equity pp.3-32; B preferred/convertible p.33; C options pp.34-35; D debt pp.36-70; E investment funds pp.71-72; F cash p.73; G hedge funds pp.74-75; H private investment funds pp.76-87; notes pp.88-108,"Full 108-page TXT scanned page by page and all schedule sections reviewed. 3,448 clear position rows: 1,499 equity, 23 preferred/convertible, 39 options, 1,186 debt, 73 investment-fund, 42 cash, 69 hedge-fund, 517 private-investment. Original PDF p.76 inspected by word coordinates confirming SECURITY and FAIR VALUE columns. Debt descriptions print maturity on all 1,186 rows; 891 print numeric coupon and 295 print VAR RATE. Notes p.93 report strategy-level fair value, unfunded commitments, redemption frequency and notice period; these are aggregate, not fund-position grain."
7,SRC358,Schedule_Inv_UTIMCO_PUF_Detail_Schedules_FY2022.pdf,110,COMPLETE,investment_position; credit_terms; investment_fund_liquidity_summary,none; 2022 recurrence confirms same compact position backbone as FY2021 despite COST/FAIR VALUE column order change,credit_terms reinforced across second populated UTIMCO schedule; aggregate fund-liquidity summary recurs,Schedule A equity pp.3-33; B preferred/convertible p.34; C options p.35; D debt pp.36-68; E investment funds pp.69-71; F cash p.72; G hedge pp.73-74; H private funds pp.75-87; notes pp.88-110,"Full 110-page TXT scanned page by page. 3,494 clear position rows: 1,563 equity, 28 preferred/convertible, 19 options, 1,135 debt, 77 investment-fund, 43 cash, 67 hedge-fund, 562 private-investment. Original PDF p.75 inspected by word coordinates confirming SECURITY and FAIR VALUE columns. Debt descriptions print maturity on all 1,135 rows; 753 print numeric coupon and 382 print VAR RATE. The 2022 tables reverse COST/FAIR VALUE order versus FY2021 in several schedules, reinforcing label-based rather than positional extraction."
8,SRC214,Schedule_Inv_Wisconsin_SWIB_Schedule_Of_Investments_CY2024.pdf,345,COMPLETE,investment_position; credit_terms; derivative_position,"none material; strong recurrence of position_name, fair_value, asset/security class, quantity, currency, maturity_date, coupon_rate; 144A restriction designation recurs",credit_terms strongly reinforced; derivative-specific contract/receivable/payable fields observed but not promoted,Core equities pp.3-141; fixed income pp.142-237; private fund investments pp.238-253; multi-asset p.254; preferred/convertible/TBA/FX/options/futures/swaps pp.255-264; Variable Fund equities pp.265-340; derivatives pp.341-343; largest holdings p.344,"Full 345-page TXT scanned page by page and all section types reviewed. 13,882 dot-leader position rows: 5,803 core equities; 3,989 core fixed income; 603 private funds; 3,173 variable equities; 314 across multi-asset/preferred/convertible/TBA/FX/options/futures/swaps. Original PDF pp.3,142,238 inspected by word coordinates, confirming NAME/SHARES/FAIR VALUE, NAME/COUPON%/MATURITY/FAIR VALUE, and NAME/FAIR VALUE layouts. Private fund schedules are notably compact: fund name + fair value only. 1,076 printed 144A designations occur in holdings. p.344 prints 10 largest equity and 10 largest fixed-income weights; low-frequency summary only."
9,SRC215,Schedule_Inv_Wisconsin_SWIB_Schedule_Of_Investments_CY2023.pdf,350,COMPLETE,investment_position; derivative_position,portfolio_name (essential inherited context; discovered late and retro-checked across all prior documents); otherwise confirms CY2024 position backbone,none new; position_identifier remains the only qualifying child candidate,Core equities pp.3-146; fixed income pp.147-238; private fund investments pp.239-253; multi-asset p.254; preferred/convertible/TBA/FX/options/futures/swaps pp.255-265; Variable Fund equities pp.266-345; derivatives pp.346-348; largest holdings p.349,"Full 350-page TXT scanned page by page and all section types reviewed. 14,106 dot-leader position rows: 6,033 core equities; 3,844 core fixed income; 577 private funds; 3,322 variable equities; 330 across multi-asset/preferred/convertible/TBA/FX/options/futures/swaps. Original PDF pp.3,147,239 inspected by word coordinates, confirming NAME/SHARES/FAIR VALUE, NAME/COUPON%/MATURITY/FAIR VALUE, and NAME/FAIR VALUE layouts. 1,171 printed 144A designations recur. p.349 prints 10 largest equity and 10 largest fixed-income weights."
