wide_row_id,document_id,route,canonical_doc_type,page_id,source_page,source_section,source_table,source_row_label,source_occurrence,column_group,subject_type,subject_alias_id,subject_entity_id,subject_name,subject_standardized_name,subject_manager_name,asset_class,strategy,geography,vintage_year,horizon,as_of_date_raw,as_of_date,period_start,period_end,currency,unit_scale,unit_scale_multiplier,stewardship_policy,observation_ids,observation_count,unparsed_values,scale_note,collision_note
d63abb2b1bd188dc05fa,SRC151,07-institutional-mission,Stewardship_Proxy_Report,c7cb9eb113ab541d9314,17,2018 GUIDELINE REVISIONS – UNITED STATES,Board Gender Diversity,2018: Noting instances of all-male boards.,1,,service_provider,2ce3132ddee7f9b6dea6,MGR_0101,Glass Lewis,Glass Lewis,,,,,,,,,,,,absolute,1,2018: Noting instances of all-male boards.,e095ff564f73466b41c7,1,,,
64a33091a9f7e55724ef,SRC151,07-institutional-mission,Stewardship_Proxy_Report,c7cb9eb113ab541d9314,17,2018 GUIDELINE REVISIONS – UNITED STATES,Board Gender Diversity,"2019: Recommending against nominating chair, if no plan is disclosed.",1,,service_provider,2ce3132ddee7f9b6dea6,MGR_0101,Glass Lewis,Glass Lewis,,,,,,,,,,,,absolute,1,"2019: Recommending against nominating chair, if no plan is disclosed.",da7dc94096eb06b63f13,1,,,
b8c905d69e50d1100054,SRC151,07-institutional-mission,Stewardship_Proxy_Report,c7cb9eb113ab541d9314,17,2018 GUIDELINE REVISIONS – UNITED STATES,Board Responsiveness,Threshold of materiality: 20%.,1,,service_provider,2ce3132ddee7f9b6dea6,MGR_0101,Glass Lewis,Glass Lewis,,,,,,,,,,,,absolute,1,Threshold of materiality: 20%.,707bed026e3d3f90a280,1,,,
bf1b5a5b99e05b33ea17,SRC151,07-institutional-mission,Stewardship_Proxy_Report,c7cb9eb113ab541d9314,17,2018 GUIDELINE REVISIONS – UNITED STATES,CEO Pay Ratio,"Included in Glass Lewis research, but not determinative of recommendation.",1,,service_provider,2ce3132ddee7f9b6dea6,MGR_0101,Glass Lewis,Glass Lewis,,,,,,,,,,,,absolute,1,"Included in Glass Lewis research, but not determinative of recommendation.",a10dc6fb71a9a4e44c0e,1,,,
467629650a63987c2aab,SRC151,07-institutional-mission,Stewardship_Proxy_Report,c7cb9eb113ab541d9314,17,2018 GUIDELINE REVISIONS – UNITED STATES,Dual-Class Share Structures,Strengthened language. Scrutinizing IPOs.,1,,service_provider,2ce3132ddee7f9b6dea6,MGR_0101,Glass Lewis,Glass Lewis,,,,,,,,,,,,absolute,1,Strengthened language. Scrutinizing IPOs.,0554eece4ff244cd9ec8,1,,,
794853afb5a48fde4d21,SRC151,07-institutional-mission,Stewardship_Proxy_Report,c7cb9eb113ab541d9314,17,2018 GUIDELINE REVISIONS – UNITED STATES,Virtual Shareholder Meetings,"2018: Noting instances of virtual-only; 2019 recommending against governance chair, if disclosure is lacking.",1,,service_provider,2ce3132ddee7f9b6dea6,MGR_0101,Glass Lewis,Glass Lewis,,,,,,,,,,,,absolute,1,"2018: Noting instances of virtual-only; 2019 recommending against governance chair, if disclosure is lacking.",0e181b328e4d7f8902e0,1,,,
bcfdadb173fb5ed60fd6,SRC151,07-institutional-mission,Stewardship_Proxy_Report,688de69625ddffd47892,18,2018 GUIDELINE REVISIONS - INTERNATIONAL,Board responsiveness,20% threshold of materiality.,1,,service_provider,2ce3132ddee7f9b6dea6,MGR_0101,Glass Lewis,Glass Lewis,,,,,,,,,,,,absolute,1,20% threshold of materiality.,c3056bf58f5cbc66d116,1,,,
ff99a73b412b2bc555d8,SRC151,07-institutional-mission,Stewardship_Proxy_Report,688de69625ddffd47892,18,2018 GUIDELINE REVISIONS - INTERNATIONAL,Dual-Class Share Structures,Strengthened language. Scrutinizing IPOs.,1,,service_provider,2ce3132ddee7f9b6dea6,MGR_0101,Glass Lewis,Glass Lewis,,,,,,,,,,,,absolute,1,Strengthened language. Scrutinizing IPOs.,9b7d8739e9e5346799dd,1,,,
1a19232ffcf26877d7b5,SRC151,07-institutional-mission,Stewardship_Proxy_Report,688de69625ddffd47892,18,2018 GUIDELINE REVISIONS - INTERNATIONAL,Election of directors,Clarified our requirements for director nominee disclosures.,1,,service_provider,2ce3132ddee7f9b6dea6,MGR_0101,Glass Lewis,Glass Lewis,,,,,,,,,,,,absolute,1,Clarified our requirements for director nominee disclosures.,59c0836e3b2fbfee1349,1,,,
a7566fa6f67400153ef7,SRC151,07-institutional-mission,Stewardship_Proxy_Report,688de69625ddffd47892,18,2018 GUIDELINE REVISIONS - INTERNATIONAL,Executive Compensation,"Clarified that we favor allowing discretion in compensation plans, when used correctly.",1,,service_provider,2ce3132ddee7f9b6dea6,MGR_0101,Glass Lewis,Glass Lewis,,,,,,,,,,,,absolute,1,"Clarified that we favor allowing discretion in compensation plans, when used correctly.",2b1e83eadbc4fbe23bee,1,,,
c194af7a7f49721a38fe,SRC329,07-institutional-mission,Stewardship_Proxy_Report,9d62d7f7ceab87fd5a58,15,Remuneration Committee report,Remuneration Committee report,The aim is to ensure that the proposals,1,,other_printed_scope,f17aa823fa8ecbd4bc90,,USS remuneration proposals,,,,,,,,,,,,,absolute,1,"Demonstrate a clear and robust link between reward and performance, seeking assurance that a rigorous process of performance appraisal is in place, with appropriate controls to manage behaviour and manager discretion",2232acd692ce4a95b35d,1,,,
e95d620bf95fc5e78c22,SRC329,07-institutional-mission,Stewardship_Proxy_Report,9d62d7f7ceab87fd5a58,15,Remuneration Committee report,Remuneration Committee report,The aim is to ensure that the proposals,2,,other_printed_scope,f17aa823fa8ecbd4bc90,,USS remuneration proposals,,,,,,,,,,,,,absolute,1,Comply with the requirements of regulatory and governance bodies,8fb3eb2432023a331194,1,,,
20bd39c4759817a109d8,SRC329,07-institutional-mission,Stewardship_Proxy_Report,9d62d7f7ceab87fd5a58,15,Remuneration Committee report,Remuneration Committee report,The aim is to ensure that the proposals,3,,other_printed_scope,f17aa823fa8ecbd4bc90,,USS remuneration proposals,,,,,,,,,,,,,absolute,1,Consider the expectations of stakeholders and remain consistent with the expectations of the employee population,c3db847dd230ab8173f8,1,,,
e12ab5a8541258ea1038,SRC329,07-institutional-mission,Stewardship_Proxy_Report,9d62d7f7ceab87fd5a58,15,Remuneration Committee report,Remuneration Committee report,The principles that underpin our approach to remuneration are as follows,1,,other_printed_scope,afddbeff42b878a8e09a,,USS remuneration principles,,,,,,,,,,,,,absolute,1,The foundation of our remuneration approach is to promote alignment to our scheme’s interests,06441268097c52449469,1,,,
02b70e5bd15536911a28,SRC329,07-institutional-mission,Stewardship_Proxy_Report,9d62d7f7ceab87fd5a58,15,Remuneration Committee report,Remuneration Committee report,The principles that underpin our approach to remuneration are as follows,2,,other_printed_scope,afddbeff42b878a8e09a,,USS remuneration principles,,,,,,,,,,,,,absolute,1,"We focus on long term success, applying appropriate metrics and overlaying judgement",5e470d593e6849f57376,1,,,
52f70083f1747c7de451,SRC329,07-institutional-mission,Stewardship_Proxy_Report,9d62d7f7ceab87fd5a58,15,Remuneration Committee report,Remuneration Committee report,The principles that underpin our approach to remuneration are as follows,3,,other_printed_scope,afddbeff42b878a8e09a,,USS remuneration principles,,,,,,,,,,,,,absolute,1,"Remuneration outcomes for individuals reflect the importance we attach to adherence to our values, behavioural standards and organisational risk management culture",e0036fb5abc0dd1074b6,1,,,
694046410d7d7a8e4021,SRC329,07-institutional-mission,Stewardship_Proxy_Report,9d62d7f7ceab87fd5a58,15,Remuneration Committee report,Remuneration Committee report,The principles that underpin our approach to remuneration are as follows,4,,other_printed_scope,afddbeff42b878a8e09a,,USS remuneration principles,,,,,,,,,,,,,absolute,1,"Using external advice, we use remuneration market data of peer organisations with the aim of ensuring our approach is fair, for individuals and in aggregate",9da988f41f51f1b62f9e,1,,,
cf60c576cd48f863d9dd,SRC329,07-institutional-mission,Stewardship_Proxy_Report,9d62d7f7ceab87fd5a58,15,Remuneration Committee report,Remuneration Committee report,The principles that underpin our approach to remuneration are as follows,5,,other_printed_scope,afddbeff42b878a8e09a,,USS remuneration principles,,,,,,,,,,,,,absolute,1,"We differentiate pay outcomes based on individual performance and, for some areas, overall team performance",c6149152a8c59e04de2f,1,,,
56f8d10615823a5aa520,SRC329,07-institutional-mission,Stewardship_Proxy_Report,9d62d7f7ceab87fd5a58,15,Remuneration Committee report,Remuneration Committee report,The principles that underpin our approach to remuneration are as follows,6,,other_printed_scope,afddbeff42b878a8e09a,,USS remuneration principles,,,,,,,,,,,,,absolute,1,We endeavour to ensure a fair and transparent approach to remuneration,69ca1de2919e1008d153,1,,,
bf6ecd52bea9001f4550,SRC329,07-institutional-mission,Stewardship_Proxy_Report,613a87d76fab445f491e,5,Corporate governance statement,,"As part of their appointment to the Trustee Board, each trustee director is required to",1,,other_printed_scope,ab9a50355305db2a7833,,USS trustee directors,,,,,,,,,,,,,absolute,1,Complete TPR’s Trustee Toolkit to ensure that they have a good base level of understanding of the accountabilities and responsibilities that apply to pension trustees,ae2e283cd66a124511b8,1,,,
49d32ce6ecfea11a33fb,SRC329,07-institutional-mission,Stewardship_Proxy_Report,613a87d76fab445f491e,5,Corporate governance statement,,"As part of their appointment to the Trustee Board, each trustee director is required to",2,,other_printed_scope,ab9a50355305db2a7833,,USS trustee directors,,,,,,,,,,,,,absolute,1,Undergo a thorough induction programme,4627cf9430134b677b0d,1,,,
16612b6d2c269f4424ff,SRC339,07-institutional-mission,Stewardship_Proxy_Report,7447c80655152fbdf36a,10,Policies,CONFLICTS OF INTEREST,Completing the attestation is a prerequisite for staff to receive any performance-based incentive payment.,1,,investor,5cbab07013863a3cd883,LP_0011,Guardians of New Zealand Superannuation,Guardians of New Zealand Superannuation,,,,,,,,,,,,absolute,1,Completing the attestation is a prerequisite for staff to receive any performance-based incentive payment.,92fe6be9b5f429a70167,1,,,
7be3da61eaf3e5b44c5e,SRC339,07-institutional-mission,Stewardship_Proxy_Report,7447c80655152fbdf36a,10,Policies,CONFLICTS OF INTEREST,"Conflicts or potential conflicts of interest must be disclosed by advising the General Counsel or the Chief Executive, a line manager, member of the People & Culture team, or by emailing a conflicts email address.",1,,investor,5cbab07013863a3cd883,LP_0011,Guardians of New Zealand Superannuation,Guardians of New Zealand Superannuation,,,,,,,,,,,,absolute,1,"Conflicts or potential conflicts of interest must be disclosed by advising the General Counsel or the Chief Executive, a line manager, member of the People & Culture team, or by emailing a conflicts email address.",b1c8175e98a880e7c767,1,,,
de306f3c266443d8d7a4,SRC339,07-institutional-mission,Stewardship_Proxy_Report,7447c80655152fbdf36a,10,Policies,CONFLICTS OF INTEREST,"Staff must complete a six-monthly attestation about their compliance with the Guardians’ policies, including conflicts of interest and securities trading policies.",1,,investor,5cbab07013863a3cd883,LP_0011,Guardians of New Zealand Superannuation,Guardians of New Zealand Superannuation,,,,,,,,,,,,absolute,1,"Staff must complete a six-monthly attestation about their compliance with the Guardians’ policies, including conflicts of interest and securities trading policies.",5a6496ec2a780e67c66b,1,,,
76935edd1e32d22ddb89,SRC339,07-institutional-mission,Stewardship_Proxy_Report,7447c80655152fbdf36a,10,Policies,CONFLICTS OF INTEREST,"The policy also covers conflicts of interest, requiring all potential suppliers and external partners to consider and disclose any actual or perceived conflicts during the procurement process.",1,,investor,5cbab07013863a3cd883,LP_0011,Guardians of New Zealand Superannuation,Guardians of New Zealand Superannuation,,,,,,,,,,,,absolute,1,"The policy also covers conflicts of interest, requiring all potential suppliers and external partners to consider and disclose any actual or perceived conflicts during the procurement process.",bf0d6c954678caa3f37c,1,,,
46e0e15eb0497f63fa18,SRC339,07-institutional-mission,Stewardship_Proxy_Report,7447c80655152fbdf36a,10,Policies,CONFLICTS OF INTEREST,"There is a process for the disclosure of personal investments and trading-related conflicts of interest, including a Securities Trading Procedure that applies to all personal trading and related information.",1,,investor,5cbab07013863a3cd883,LP_0011,Guardians of New Zealand Superannuation,Guardians of New Zealand Superannuation,,,,,,,,,,,,absolute,1,"There is a process for the disclosure of personal investments and trading-related conflicts of interest, including a Securities Trading Procedure that applies to all personal trading and related information.",7a2857b858f08e967398,1,,,
446ebdea5508f9384b3a,SRC339,07-institutional-mission,Stewardship_Proxy_Report,7447c80655152fbdf36a,10,Policies,CONFLICTS OF INTEREST,This includes a requirement to disclose any actual or potential conflicts of interest due to close personal relationship or interest in a transaction.,1,,investor,5cbab07013863a3cd883,LP_0011,Guardians of New Zealand Superannuation,Guardians of New Zealand Superannuation,,,,,,,,,,,,absolute,1,This includes a requirement to disclose any actual or potential conflicts of interest due to close personal relationship or interest in a transaction.,2bd5c03b011c0cbed68a,1,,,
ffcccc078e84851ace1a,SRC339,07-institutional-mission,Stewardship_Proxy_Report,0b5b9c90480b425957c7,11,Incorporate,Incorporate,"Applying detailed ESG due diligence to all direct investments, using independent experts where required, to assess material ESG risks and opportunities and understand how they will be managed or mitigated. The focus continues post investment.",1,,investor,5cbab07013863a3cd883,LP_0011,Guardians of New Zealand Superannuation,Guardians of New Zealand Superannuation,,,,,,,,,,,,absolute,1,"Applying detailed ESG due diligence to all direct investments, using independent experts where required, to assess material ESG risks and opportunities and understand how they will be managed or mitigated. The focus continues post investment.",9c7f8e1e6dba684ea3a9,1,,,
57dcc3cf38b4973fd588,SRC339,07-institutional-mission,Stewardship_Proxy_Report,0b5b9c90480b425957c7,11,Incorporate,Incorporate,"Considering ESG capability in the selection, due diligence, engagement and ongoing reviews of external investment managers, incorporating sustainable investment requirements into contracts where relevant. Once a manager is selected, sustainable investment requirements are incorporated into contractual arrangements where possible and relevant.",1,,investor,5cbab07013863a3cd883,LP_0011,Guardians of New Zealand Superannuation,Guardians of New Zealand Superannuation,,,,,,,,,,,,absolute,1,"Considering ESG capability in the selection, due diligence, engagement and ongoing reviews of external investment managers, incorporating sustainable investment requirements into contracts where relevant. Once a manager is selected, sustainable investment requirements are incorporated into contractual arrangements where possible and relevant.",487c58d6f599841b0f2d,1,,,
6078fb251dd9a2929257,SRC339,07-institutional-mission,Stewardship_Proxy_Report,0b5b9c90480b425957c7,11,Incorporate,Incorporate,"Considering human rights (including indigenous rights), diversity and, for New Zealand investments, consideration of te ao Māori and Te Tiriti o Waitangi (Treaty of Waitangi) as part of our due diligence processes for direct investments",1,,investor,5cbab07013863a3cd883,LP_0011,Guardians of New Zealand Superannuation,Guardians of New Zealand Superannuation,,,,,,,,,,,,absolute,1,"Considering human rights (including indigenous rights), diversity and, for New Zealand investments, consideration of te ao Māori and Te Tiriti o Waitangi (Treaty of Waitangi) as part of our due diligence processes for direct investments",7fe07fbaa72b6e0369d0,1,,,
96a099ff3a42f7a5eac2,SRC339,07-institutional-mission,Stewardship_Proxy_Report,0b5b9c90480b425957c7,11,Incorporate,Incorporate,Developing guidelines to integrate ESG considerations across different types of investments,1,,investor,5cbab07013863a3cd883,LP_0011,Guardians of New Zealand Superannuation,Guardians of New Zealand Superannuation,,,,,,,,,,,,absolute,1,Developing guidelines to integrate ESG considerations across different types of investments,7f78db7457636c5caec1,1,,,
eee3f7c9e3fc61ee44e2,SRC339,07-institutional-mission,Stewardship_Proxy_Report,0b5b9c90480b425957c7,11,Incorporate,Incorporate,"Monitoring our listed equities portfolio for companies with poor ESG performance, addressing concerns through mechanisms such as ongoing monitoring or engagement, and escalation if necessary.",1,,investor,5cbab07013863a3cd883,LP_0011,Guardians of New Zealand Superannuation,Guardians of New Zealand Superannuation,,,,,,,,,,,,absolute,1,"Monitoring our listed equities portfolio for companies with poor ESG performance, addressing concerns through mechanisms such as ongoing monitoring or engagement, and escalation if necessary.",2855d1e3cf885dfb9a9f,1,,,
69c515420880b61f63ac,SRC339,07-institutional-mission,Stewardship_Proxy_Report,0b5b9c90480b425957c7,11,Incorporate,Incorporate,"Seeking investments that provide measurable positive social or environmental outcomes in addition to the required financial returns. We continue to develop and evolve our Impact Investment Framework and approach, which includes a strict definition of impact investment.",1,,investor,5cbab07013863a3cd883,LP_0011,Guardians of New Zealand Superannuation,Guardians of New Zealand Superannuation,,,,,,,,,,,,absolute,1,"Seeking investments that provide measurable positive social or environmental outcomes in addition to the required financial returns. We continue to develop and evolve our Impact Investment Framework and approach, which includes a strict definition of impact investment.",9b7107f0d511a91ead4a,1,,,
7e134ae3dae348fe4faf,SRC339,07-institutional-mission,Stewardship_Proxy_Report,bd8a4971f87387676f9c,13,Engage,Engage,"Our priority areas for engagement are climate change, severe environmental damage, human rights, and bribery and corruption.",1,,investor,5cbab07013863a3cd883,LP_0011,Guardians of New Zealand Superannuation,Guardians of New Zealand Superannuation,,,,,,,,,,,,absolute,1,"Our priority areas for engagement are climate change, severe environmental damage, human rights, and bribery and corruption.",8138a1ca290a6403b9f6,1,,,
02c990d328d5f083b24a,SRC339,07-institutional-mission,Stewardship_Proxy_Report,bd8a4971f87387676f9c,13,Engage,Engage,our ability to engage directly with the company,1,,investor,5cbab07013863a3cd883,LP_0011,Guardians of New Zealand Superannuation,Guardians of New Zealand Superannuation,,,,,,,,,,,,absolute,1,our ability to engage directly with the company,888ebcb4e73d0221ff6f,1,,,
70a28b0dcefccd3f957f,SRC339,07-institutional-mission,Stewardship_Proxy_Report,bd8a4971f87387676f9c,13,Engage,Engage,the ability to participate in collaborative engagements through international initiatives,1,,investor,5cbab07013863a3cd883,LP_0011,Guardians of New Zealand Superannuation,Guardians of New Zealand Superannuation,,,,,,,,,,,,absolute,1,the ability to participate in collaborative engagements through international initiatives,18928d7f4d4619b47539,1,,,
922161c3d39c2be09ffa,SRC339,07-institutional-mission,Stewardship_Proxy_Report,bd8a4971f87387676f9c,13,Engage,Engage,the potential effectiveness of the engagement,1,,investor,5cbab07013863a3cd883,LP_0011,Guardians of New Zealand Superannuation,Guardians of New Zealand Superannuation,,,,,,,,,,,,absolute,1,the potential effectiveness of the engagement,71bbaa0c994de4830938,1,,,
1844a852b07faf519826,SRC339,07-institutional-mission,Stewardship_Proxy_Report,bd8a4971f87387676f9c,13,Engage,Engage,the resources required.,1,,investor,5cbab07013863a3cd883,LP_0011,Guardians of New Zealand Superannuation,Guardians of New Zealand Superannuation,,,,,,,,,,,,absolute,1,the resources required.,5d86fa561341b4235514,1,,,
4ae0261be0a559006b79,SRC339,07-institutional-mission,Stewardship_Proxy_Report,0682127b2633381f5d1b,19,Engage,Key policy activities in the 2024/25 financial year included,"In commenting on public policy issues, we adhere to strict political neutrality.",1,,investor,5cbab07013863a3cd883,LP_0011,Guardians of New Zealand Superannuation,Guardians of New Zealand Superannuation,,,,,,,,,,,,absolute,1,"In commenting on public policy issues, we adhere to strict political neutrality.",2877614bbb7664ed45cf,1,,,
0bee40a7bcb049183797,SRC339,07-institutional-mission,Stewardship_Proxy_Report,4f590ee05697fe854875,20,Exclusions,CONDUCT,We may exclude a company where there is evidence from credible sources of a serious risk of breaches of standards of good corporate practice and we believe that exclusion is the right course of action.,1,,investor,5cbab07013863a3cd883,LP_0011,Guardians of New Zealand Superannuation,Guardians of New Zealand Superannuation,,,,,,,,,,,,absolute,1,We may exclude a company where there is evidence from credible sources of a serious risk of breaches of standards of good corporate practice and we believe that exclusion is the right course of action.,4ba94b216d58f6df33fa,1,,,
ca70ed457ea0c512d065,SRC339,07-institutional-mission,Stewardship_Proxy_Report,4f590ee05697fe854875,20,Exclusions,CONDUCT,"While exclusion is considered a last resort and we prefer to engage first, we may move straight to exclusion in a limited number of cases taking account of factors such as where engagement is unlikely to be effective or is a poor use of resource, e.g. because of the company’s operating context.",1,,investor,5cbab07013863a3cd883,LP_0011,Guardians of New Zealand Superannuation,Guardians of New Zealand Superannuation,,,,,,,,,,,,absolute,1,"While exclusion is considered a last resort and we prefer to engage first, we may move straight to exclusion in a limited number of cases taking account of factors such as where engagement is unlikely to be effective or is a poor use of resource, e.g. because of the company’s operating context.",98bf3ba9776d5823e4d7,1,,,
3ea20ad2d98b6c80e50e,SRC339,07-institutional-mission,Stewardship_Proxy_Report,4f590ee05697fe854875,20,Exclusions,Exclusions,Companies may be excluded because of the products they make or due to their ESG practices.,1,,investor,5cbab07013863a3cd883,LP_0011,Guardians of New Zealand Superannuation,Guardians of New Zealand Superannuation,,,,,,,,,,,,absolute,1,Companies may be excluded because of the products they make or due to their ESG practices.,3c3f724ecbcff46ef286,1,,,
2917113a1bd4f0a4635c,SRC339,07-institutional-mission,Stewardship_Proxy_Report,4f590ee05697fe854875,20,Exclusions,Exclusions,"We disclose our exclusions every six months on our website, including the relevant category of exclusion.",1,,investor,5cbab07013863a3cd883,LP_0011,Guardians of New Zealand Superannuation,Guardians of New Zealand Superannuation,,,,,,,,,,,,absolute,1,"We disclose our exclusions every six months on our website, including the relevant category of exclusion.",9f225fecee173a30d5b3,1,,,
817910c9d2741cfd9765,SRC339,07-institutional-mission,Stewardship_Proxy_Report,4f590ee05697fe854875,20,Exclusions,Exclusions,We may decide to exclude the securities of a company from the NZ Super Fund. A decision to exclude a company is based on our Sustainable Investment Framework.,1,,investor,5cbab07013863a3cd883,LP_0011,Guardians of New Zealand Superannuation,Guardians of New Zealand Superannuation,,,,,,,,,,,,absolute,1,We may decide to exclude the securities of a company from the NZ Super Fund. A decision to exclude a company is based on our Sustainable Investment Framework.,6c673590f09a9a8fdb52,1,,,
ee3ed59e7ca440649891,SRC339,07-institutional-mission,Stewardship_Proxy_Report,4f590ee05697fe854875,20,Exclusions,PRODUCTS,"Companies that are directly involved in the following products or activities are excluded from the portfolio, based on specific criteria set out in the decision documents published on our website:",1,,investor,5cbab07013863a3cd883,LP_0011,Guardians of New Zealand Superannuation,Guardians of New Zealand Superannuation,,,,,,,,,,,,absolute,1,"Companies that are directly involved in the following products or activities are excluded from the portfolio, based on specific criteria set out in the decision documents published on our website:",51011e47ef9aa5112928,1,,,
0d30fa30c9b387448b4c,SRC339,07-institutional-mission,Stewardship_Proxy_Report,4f590ee05697fe854875,20,Exclusions,PRODUCTS,"Product exclusions apply to companies based on their products. This takes account of restrictions or prohibitions by international conventions New Zealand has signed, and of New Zealand law or significant actions by the Crown.",1,,investor,5cbab07013863a3cd883,LP_0011,Guardians of New Zealand Superannuation,Guardians of New Zealand Superannuation,,,,,,,,,,,,absolute,1,"Product exclusions apply to companies based on their products. This takes account of restrictions or prohibitions by international conventions New Zealand has signed, and of New Zealand law or significant actions by the Crown.",6cb95103caf463cbd7bc,1,,,
501b85b249acfba84c92,SRC339,07-institutional-mission,Stewardship_Proxy_Report,4f590ee05697fe854875,20,Exclusions,PRODUCTS,recreational cannabis,1,,investor,5cbab07013863a3cd883,LP_0011,Guardians of New Zealand Superannuation,Guardians of New Zealand Superannuation,,,,,,,,,,,,absolute,1,recreational cannabis,33b8914dd34c7a465788,1,,,
5caa914301d0a09890b5,SRC339,07-institutional-mission,Stewardship_Proxy_Report,4f590ee05697fe854875,20,Exclusions,PRODUCTS,the manufacture of anti-personnel mines,1,,investor,5cbab07013863a3cd883,LP_0011,Guardians of New Zealand Superannuation,Guardians of New Zealand Superannuation,,,,,,,,,,,,absolute,1,the manufacture of anti-personnel mines,f3b884e538a531b467f5,1,,,
c8e89c2fb2650cdfb51e,SRC339,07-institutional-mission,Stewardship_Proxy_Report,4f590ee05697fe854875,20,Exclusions,PRODUCTS,"the manufacture of civilian automatic and semi-automatic firearms, magazines or parts",1,,investor,5cbab07013863a3cd883,LP_0011,Guardians of New Zealand Superannuation,Guardians of New Zealand Superannuation,,,,,,,,,,,,absolute,1,"the manufacture of civilian automatic and semi-automatic firearms, magazines or parts",6904f21e96cefa0f0658,1,,,
3bf8d57b83c800ea0717,SRC339,07-institutional-mission,Stewardship_Proxy_Report,4f590ee05697fe854875,20,Exclusions,PRODUCTS,the manufacture of cluster munitions,1,,investor,5cbab07013863a3cd883,LP_0011,Guardians of New Zealand Superannuation,Guardians of New Zealand Superannuation,,,,,,,,,,,,absolute,1,the manufacture of cluster munitions,8ab2e9468924aa726ff2,1,,,
064e425b8014004f6a1e,SRC339,07-institutional-mission,Stewardship_Proxy_Report,4f590ee05697fe854875,20,Exclusions,PRODUCTS,the manufacture of tobacco,1,,investor,5cbab07013863a3cd883,LP_0011,Guardians of New Zealand Superannuation,Guardians of New Zealand Superannuation,,,,,,,,,,,,absolute,1,the manufacture of tobacco,0c5b00d73f139c5d95cf,1,,,
8a4ed50a0aa7f7ecd0de,SRC339,07-institutional-mission,Stewardship_Proxy_Report,4f590ee05697fe854875,20,Exclusions,PRODUCTS,the manufacture or testing of nuclear explosive devices (NEDs),1,,investor,5cbab07013863a3cd883,LP_0011,Guardians of New Zealand Superannuation,Guardians of New Zealand Superannuation,,,,,,,,,,,,absolute,1,the manufacture or testing of nuclear explosive devices (NEDs),7478a6ab23d9c4044be2,1,,,
99d1adc6d4183bd69d13,SRC339,07-institutional-mission,Stewardship_Proxy_Report,4f590ee05697fe854875,20,Exclusions,PRODUCTS,the processing of whale meat,1,,investor,5cbab07013863a3cd883,LP_0011,Guardians of New Zealand Superannuation,Guardians of New Zealand Superannuation,,,,,,,,,,,,absolute,1,the processing of whale meat,40d17a05ecf7b8a8814d,1,,,
e1f7c8310aef3e1d7961,SRC339,07-institutional-mission,Stewardship_Proxy_Report,699f434307947692beb1,21,Exclusions,HOW WE APPLY EXCLUSIONS,Collective Investment Vehicles (CIVs) are pooled funds with other investors. We endeavour to apply exclusions to CIVs to the extent that this is feasible.,1,,investor,5cbab07013863a3cd883,LP_0011,Guardians of New Zealand Superannuation,Guardians of New Zealand Superannuation,,,,,,,,,,,,absolute,1,Collective Investment Vehicles (CIVs) are pooled funds with other investors. We endeavour to apply exclusions to CIVs to the extent that this is feasible.,4cde8db53fa2f9d2bb17,1,,,
2f13f41dac02b865ceb4,SRC339,07-institutional-mission,Stewardship_Proxy_Report,699f434307947692beb1,21,Exclusions,HOW WE APPLY EXCLUSIONS,"For individual company exclusions, our exclusions policy applies to all investments where securities (i.e. shares, bonds) are held directly. The exclusions list is produced using International Securities Identification Numbers.",1,,investor,5cbab07013863a3cd883,LP_0011,Guardians of New Zealand Superannuation,Guardians of New Zealand Superannuation,,,,,,,,,,,,absolute,1,"For individual company exclusions, our exclusions policy applies to all investments where securities (i.e. shares, bonds) are held directly. The exclusions list is produced using International Securities Identification Numbers.",49dc61c04864cbac0fc7,1,,,
e2fd18cda483157069b5,SRC339,07-institutional-mission,Stewardship_Proxy_Report,699f434307947692beb1,21,Exclusions,HOW WE APPLY EXCLUSIONS,Our portfolio is monitored on an ongoing basis to ensure compliance with our exclusion categories and list.,1,,investor,5cbab07013863a3cd883,LP_0011,Guardians of New Zealand Superannuation,Guardians of New Zealand Superannuation,,,,,,,,,,,,absolute,1,Our portfolio is monitored on an ongoing basis to ensure compliance with our exclusion categories and list.,aff944052536c7601158,1,,,
3a08c9a0838635929783,SRC339,07-institutional-mission,Stewardship_Proxy_Report,699f434307947692beb1,21,Exclusions,HOW WE APPLY EXCLUSIONS,The potential for indirect exposure to excluded securities through CIVs is factored into the selection of access points.,1,,investor,5cbab07013863a3cd883,LP_0011,Guardians of New Zealand Superannuation,Guardians of New Zealand Superannuation,,,,,,,,,,,,absolute,1,The potential for indirect exposure to excluded securities through CIVs is factored into the selection of access points.,5a8350a8c5cc383df9e9,1,,,
e1d8d22b6dec45d44584,SRC339,07-institutional-mission,Stewardship_Proxy_Report,699f434307947692beb1,21,Exclusions,SOVEREIGN BONDS,"We will exclude the government (sovereign) bonds of any nation state where there is widespread condemnation or sanctions by the international community and New Zealand has imposed meaningful diplomatic, economic or military sanctions aimed at that government. We are legally required to comply with sanctions imposed by the New Zealand Government. Under New Zealand law, we are also required to comply with sanctions imposed by the United Nations (UN) Security Council.",1,,investor,5cbab07013863a3cd883,LP_0011,Guardians of New Zealand Superannuation,Guardians of New Zealand Superannuation,,,,,,,,,,,,absolute,1,"We will exclude the government (sovereign) bonds of any nation state where there is widespread condemnation or sanctions by the international community and New Zealand has imposed meaningful diplomatic, economic or military sanctions aimed at that government. We are legally required to comply with sanctions imposed by the New Zealand Government. Under New Zealand law, we are also required to comply with sanctions imposed by the United Nations (UN) Security Council.",0b86b221889dbcc5884f,1,,,
a33f6e0cf9edd09c1f7d,SRC339,07-institutional-mission,Stewardship_Proxy_Report,945de58591d583f76979,22,Vote,Vote,"Global equities – Voting is executed on our behalf by ISS, based on our voting policies.",1,,investor,5cbab07013863a3cd883,LP_0011,Guardians of New Zealand Superannuation,Guardians of New Zealand Superannuation,,,,,,,,,,,,absolute,1,"Global equities – Voting is executed on our behalf by ISS, based on our voting policies.",1b9cd078525458099e49,1,,,
d5eead9d0813bc6ef702,SRC339,07-institutional-mission,Stewardship_Proxy_Report,945de58591d583f76979,22,Vote,Vote,"New Zealand equities – We vote manually in respect of New Zealand companies via the ISS Proxy Exchange platform, with decisions based on our New Zealand voting policy, and on recommendations from the NZ Equities team and external managers.",1,,investor,5cbab07013863a3cd883,LP_0011,Guardians of New Zealand Superannuation,Guardians of New Zealand Superannuation,,,,,,,,,,,,absolute,1,"New Zealand equities – We vote manually in respect of New Zealand companies via the ISS Proxy Exchange platform, with decisions based on our New Zealand voting policy, and on recommendations from the NZ Equities team and external managers.",f9e0b7a5ccd5a988bdc4,1,,,
d95d0e7edc5a38b3bcb2,SRC339,07-institutional-mission,Stewardship_Proxy_Report,945de58591d583f76979,22,Vote,Vote,"Our aim is for the Fund's votes to reflect the essential elements of good governance: transparency, board alignment with shareholder interests, long-term strategy, appropriate remuneration, business ethics and shareholder rights.",1,,investor,5cbab07013863a3cd883,LP_0011,Guardians of New Zealand Superannuation,Guardians of New Zealand Superannuation,,,,,,,,,,,,absolute,1,"Our aim is for the Fund's votes to reflect the essential elements of good governance: transparency, board alignment with shareholder interests, long-term strategy, appropriate remuneration, business ethics and shareholder rights.",308287de0e6c0078fc73,1,,,
73bf265b2a752e382c73,SRC339,07-institutional-mission,Stewardship_Proxy_Report,945de58591d583f76979,22,Vote,Vote,We can direct ISS on how to vote our shares or vote manually if we elect to do so.,1,,investor,5cbab07013863a3cd883,LP_0011,Guardians of New Zealand Superannuation,Guardians of New Zealand Superannuation,,,,,,,,,,,,absolute,1,We can direct ISS on how to vote our shares or vote manually if we elect to do so.,a79da81e3388c41d1a57,1,,,
24726190edac4d2a6bc1,SRC339,07-institutional-mission,Stewardship_Proxy_Report,945de58591d583f76979,22,Vote,Vote,We exercise our voting rights globally and domestically across the Fund's listed equities.,1,,investor,5cbab07013863a3cd883,LP_0011,Guardians of New Zealand Superannuation,Guardians of New Zealand Superannuation,,,,,,,,,,,,absolute,1,We exercise our voting rights globally and domestically across the Fund's listed equities.,819e8f042d152fc3e2a2,1,,,
df4d6db7421c546f4203,SRC339,07-institutional-mission,Stewardship_Proxy_Report,945de58591d583f76979,22,Vote,Vote,We generally do not disclose our voting intentions ahead of meetings.,1,,investor,5cbab07013863a3cd883,LP_0011,Guardians of New Zealand Superannuation,Guardians of New Zealand Superannuation,,,,,,,,,,,,absolute,1,We generally do not disclose our voting intentions ahead of meetings.,e1533d6aa78a2906c087,1,,,
d0b5ce87f8a512a40cab,SRC339,07-institutional-mission,Stewardship_Proxy_Report,945de58591d583f76979,22,Vote,Vote,"We have adopted the stronger ISS policies in relation to climate change, board governance, auditor oversight and ESG including diversity, equity and inclusion.",1,,investor,5cbab07013863a3cd883,LP_0011,Guardians of New Zealand Superannuation,Guardians of New Zealand Superannuation,,,,,,,,,,,,absolute,1,"We have adopted the stronger ISS policies in relation to climate change, board governance, auditor oversight and ESG including diversity, equity and inclusion.",b63c0fd16173ea5d4ac3,1,,,
6fb2527046a7cc01363a,SRC339,07-institutional-mission,Stewardship_Proxy_Report,945de58591d583f76979,22,Vote,Vote,"While we generally vote according to the policy guidelines, in special circumstances we may respond to specific issues on a case-by-case basis.",1,,investor,5cbab07013863a3cd883,LP_0011,Guardians of New Zealand Superannuation,Guardians of New Zealand Superannuation,,,,,,,,,,,,absolute,1,"While we generally vote according to the policy guidelines, in special circumstances we may respond to specific issues on a case-by-case basis.",8f25878ee9fc0012de69,1,,,
dd79882a6dbda6c1b95a,SRC339,07-institutional-mission,Stewardship_Proxy_Report,7c27a5d60ecee08fcdd0,23,Vote,Vote,"Our guidelines require us to withhold securities from lending or to recall shares on loan to exercise voting rights in certain circumstances, such as where the Fund has at least 5% of the votable shares in a company.",1,,investor,5cbab07013863a3cd883,LP_0011,Guardians of New Zealand Superannuation,Guardians of New Zealand Superannuation,,,,,,,,,,,,absolute,1,"Our guidelines require us to withhold securities from lending or to recall shares on loan to exercise voting rights in certain circumstances, such as where the Fund has at least 5% of the votable shares in a company.",67865cadb1b4f8c62dea,1,,,
01161f2072e69505d3e1,SRC339,07-institutional-mission,Stewardship_Proxy_Report,7c27a5d60ecee08fcdd0,23,Vote,Vote,We have instructed ISS not to vote (a Do Not Vote instruction) in shareholder meetings in share-blocking countries unless the Fund owns 5% of votable shares.,1,,investor,5cbab07013863a3cd883,LP_0011,Guardians of New Zealand Superannuation,Guardians of New Zealand Superannuation,,,,,,,,,,,,absolute,1,We have instructed ISS not to vote (a Do Not Vote instruction) in shareholder meetings in share-blocking countries unless the Fund owns 5% of votable shares.,b26e8c17903151df2385,1,,,
ef59189c357b9edb75f0,SRC339,07-institutional-mission,Stewardship_Proxy_Report,7c27a5d60ecee08fcdd0,23,Vote,Vote,"We recall shares if there is a vote on certain specified items, including climate-related proposals.",1,,investor,5cbab07013863a3cd883,LP_0011,Guardians of New Zealand Superannuation,Guardians of New Zealand Superannuation,,,,,,,,,,,,absolute,1,"We recall shares if there is a vote on certain specified items, including climate-related proposals.",906c8b74930164d6b75e,1,,,
23a0da04f6242d5fc069,SRC339,07-institutional-mission,Stewardship_Proxy_Report,7c27a5d60ecee08fcdd0,23,Vote,Vote,"When shares are on loan, the Fund may vote only on the remaining number of shares held at the time of the shareholder meeting.",1,,investor,5cbab07013863a3cd883,LP_0011,Guardians of New Zealand Superannuation,Guardians of New Zealand Superannuation,,,,,,,,,,,,absolute,1,"When shares are on loan, the Fund may vote only on the remaining number of shares held at the time of the shareholder meeting.",d7d43b3d07a3050a1b12,1,,,
619a40f1448b284ec6b5,SRC339,07-institutional-mission,Stewardship_Proxy_Report,7c27a5d60ecee08fcdd0,23,Vote,Vote,"Where listed equity investments are managed by an external or third-party manager, we prefer to invest in segregated funds that enable us to retain control over voting.",1,,investor,5cbab07013863a3cd883,LP_0011,Guardians of New Zealand Superannuation,Guardians of New Zealand Superannuation,,,,,,,,,,,,absolute,1,"Where listed equity investments are managed by an external or third-party manager, we prefer to invest in segregated funds that enable us to retain control over voting.",f4cd0845089eeb6faa8a,1,,,
b14e8ada5a4be279c341,SRC339,07-institutional-mission,Stewardship_Proxy_Report,1cffa18247feb110ca70,24,Measure and Report,Measure and Report,"Detail progress towards net zero in line with the requirements of the New Zealand Government’s 2021 Crown Financial Institutions’ Responsible Investment Framework, with specific reference to setting interim targets and reporting carbon reduction metrics.",1,,investor,5cbab07013863a3cd883,LP_0011,Guardians of New Zealand Superannuation,Guardians of New Zealand Superannuation,,,,,,,,,,,,absolute,1,"Detail progress towards net zero in line with the requirements of the New Zealand Government’s 2021 Crown Financial Institutions’ Responsible Investment Framework, with specific reference to setting interim targets and reporting carbon reduction metrics.",7a4edbe18855cf7aa28c,1,,,
9be94cf58a55e20ee37d,SRC339,07-institutional-mission,Stewardship_Proxy_Report,1cffa18247feb110ca70,24,Measure and Report,Measure and Report,Publish an annual Climate Change Report aligned with the New Zealand Climate Related Disclosure Standards. This will include a third-party assured GHG Emissions Inventory showing progress made against the Fund’s carbon reduction targets set by the Board.,1,,investor,5cbab07013863a3cd883,LP_0011,Guardians of New Zealand Superannuation,Guardians of New Zealand Superannuation,,,,,,,,,,,,absolute,1,Publish an annual Climate Change Report aligned with the New Zealand Climate Related Disclosure Standards. This will include a third-party assured GHG Emissions Inventory showing progress made against the Fund’s carbon reduction targets set by the Board.,5252da9a37e5fc1b6221,1,,,
f7f6eecf0ecf8e5aed22,SRC339,07-institutional-mission,Stewardship_Proxy_Report,1cffa18247feb110ca70,24,Measure and Report,Measure and Report,Report annually on the dollar amount of assets under management in impact investments.,1,,investor,5cbab07013863a3cd883,LP_0011,Guardians of New Zealand Superannuation,Guardians of New Zealand Superannuation,,,,,,,,,,,,absolute,1,Report annually on the dollar amount of assets under management in impact investments.,d3f90f12e7bb14bd4ab8,1,,,
692c9fb3961bc58692d2,SRC339,07-institutional-mission,Stewardship_Proxy_Report,1cffa18247feb110ca70,24,Measure and Report,Measure and Report,Report progress towards net zero annually as required by our Net Zero Asset Owners Commitment (Paris Aligned Asset Owner Commitment).,1,,investor,5cbab07013863a3cd883,LP_0011,Guardians of New Zealand Superannuation,Guardians of New Zealand Superannuation,,,,,,,,,,,,absolute,1,Report progress towards net zero annually as required by our Net Zero Asset Owners Commitment (Paris Aligned Asset Owner Commitment).,c2e0437ba561a11b78c0,1,,,
00ca10b0e3d81a8c2b66,SRC339,07-institutional-mission,Stewardship_Proxy_Report,1cffa18247feb110ca70,24,Measure and Report,SOI Measure Outcome 2024/25,"Achieve a four- or five-star rating (out of five) for Policy, Governance and Strategy in the annual PRI assessment.",1,,investor,5cbab07013863a3cd883,LP_0011,Guardians of New Zealand Superannuation,Guardians of New Zealand Superannuation,,,,,,,,,,,,absolute,1,"Achieve a four- or five-star rating (out of five) for Policy, Governance and Strategy in the annual PRI assessment.",e06d17928a8a366b0de2,1,,,
687657414c4c4bcebe20,SRC339,07-institutional-mission,Stewardship_Proxy_Report,1cffa18247feb110ca70,24,Measure and Report,SOI Measure Outcome 2024/25,"Report annually on the Fund’s activities and outcomes in regard to the PRI Principles, specifically Principle 1 (Incorporation/Integration) and Principle 2 (Active Ownership/Stewardship).",1,,investor,5cbab07013863a3cd883,LP_0011,Guardians of New Zealand Superannuation,Guardians of New Zealand Superannuation,,,,,,,,,,,,absolute,1,"Report annually on the Fund’s activities and outcomes in regard to the PRI Principles, specifically Principle 1 (Incorporation/Integration) and Principle 2 (Active Ownership/Stewardship).",453a25a8c47e0097cf2a,1,,,
b51b44abb4c924072e76,SRC339,07-institutional-mission,Stewardship_Proxy_Report,2d4999fffb78ab076833,25,Measure and Report,SOI Measure Outcome 2024/25,Publish voting reports on an ongoing basis on our website.,1,,investor,5cbab07013863a3cd883,LP_0011,Guardians of New Zealand Superannuation,Guardians of New Zealand Superannuation,,,,,,,,,,,,absolute,1,Publish voting reports on an ongoing basis on our website.,67500ef2e1d952e21995,1,,,
a51546caae2c59865116,SRC339,07-institutional-mission,Stewardship_Proxy_Report,bddee753bc4b55cad28d,6,WHAT IS STEWARDSHIP?,GUARDIANS’ PURPOSE,avoiding prejudice to New Zealand’s reputation as a responsible member of the world community.,1,,investor,5cbab07013863a3cd883,LP_0011,Guardians of New Zealand Superannuation,Guardians of New Zealand Superannuation,,,,,,,,,,,,absolute,1,avoiding prejudice to New Zealand’s reputation as a responsible member of the world community.,7feb8b348b262332caf1,1,,,
4ffdc94737c6bca64367,SRC339,07-institutional-mission,Stewardship_Proxy_Report,bddee753bc4b55cad28d,6,WHAT IS STEWARDSHIP?,GUARDIANS’ PURPOSE,best-practice portfolio management;,1,,investor,5cbab07013863a3cd883,LP_0011,Guardians of New Zealand Superannuation,Guardians of New Zealand Superannuation,,,,,,,,,,,,absolute,1,best-practice portfolio management;,194dc8c5077e70748d94,1,,,
3be682da5c71f7f9a447,SRC339,07-institutional-mission,Stewardship_Proxy_Report,bddee753bc4b55cad28d,6,WHAT IS STEWARDSHIP?,GUARDIANS’ PURPOSE,maximising return without undue risk to the Fund as a whole,1,,investor,5cbab07013863a3cd883,LP_0011,Guardians of New Zealand Superannuation,Guardians of New Zealand Superannuation,,,,,,,,,,,,absolute,1,maximising return without undue risk to the Fund as a whole,3f90c0584b2d18a06eb9,1,,,
